ID;route;rôle;état;élément;libellé visible;nom accessible;condition d’activation;résultat attendu;scénario;preuve;statut;largeur px;hauteur px;cible < 24 px;source du nom;nom par placeholder;libellé absent du nom;href
INT-0001;(atterrissage);Invité (démo, propriétaire);desktop-1440;link;Aller au contenu principal;Aller au contenu principal;actif;;balayage C121/C129/C136;UX_EVIDENCE/inventaire/desktop-1440__atterrissage_.png;MESURÉ;1;1;oui;contenu;;;#main-content
INT-0002;(atterrissage);Invité (démo, propriétaire);desktop-1440;button;;ikadevis - Tableau de bord;actif;;balayage C121/C129/C136;UX_EVIDENCE/inventaire/desktop-1440__atterrissage_.png;MESURÉ;103;32;;aria-label;;;
INT-0003;(atterrissage);Invité (démo, propriétaire);desktop-1440;input:text;;Recherche globale dans ikadevis;actif;;balayage C121/C129/C136;UX_EVIDENCE/inventaire/desktop-1440__atterrissage_.png;MESURÉ;448;30;;aria-label;;;
INT-0004;(atterrissage);Invité (démo, propriétaire);desktop-1440;button;Démonstration;État de connexion : Démonstration;actif;;balayage C121/C129/C136;UX_EVIDENCE/inventaire/desktop-1440__atterrissage_.png;MESURÉ;124;26;;aria-label;;;
INT-0005;(atterrissage);Invité (démo, propriétaire);desktop-1440;button;IKADEVIS BTP;Changer d'organisation;actif;;balayage C121/C129/C136;UX_EVIDENCE/inventaire/desktop-1440__atterrissage_.png;MESURÉ;150;38;;aria-label;;non;
INT-0006;(atterrissage);Invité (démo, propriétaire);desktop-1440;button;;Paramètres du compte;actif;;balayage C121/C129/C136;UX_EVIDENCE/inventaire/desktop-1440__atterrissage_.png;MESURÉ;40;40;;aria-label;;;
INT-0007;(atterrissage);Invité (démo, propriétaire);desktop-1440;button;;Menu du profil utilisateur;actif;;balayage C121/C129/C136;UX_EVIDENCE/inventaire/desktop-1440__atterrissage_.png;MESURÉ;55;40;;aria-label;;;
INT-0008;(atterrissage);Invité (démo, propriétaire);desktop-1440;button;Nouveau devis;Nouveau devis;actif;;balayage C121/C129/C136;UX_EVIDENCE/inventaire/desktop-1440__atterrissage_.png;MESURÉ;234;40;;contenu;;;
INT-0009;(atterrissage);Invité (démo, propriétaire);desktop-1440;button;Tableau de bord;Tableau de bord;actif;;balayage C121/C129/C136;UX_EVIDENCE/inventaire/desktop-1440__atterrissage_.png;MESURÉ;234;46;;contenu;;;
INT-0010;(atterrissage);Invité (démo, propriétaire);desktop-1440;button;Chantiers;Chantiers;actif;;balayage C121/C129/C136;UX_EVIDENCE/inventaire/desktop-1440__atterrissage_.png;MESURÉ;234;46;;contenu;;;
INT-0011;(atterrissage);Invité (démo, propriétaire);desktop-1440;button;Clients;Clients;actif;;balayage C121/C129/C136;UX_EVIDENCE/inventaire/desktop-1440__atterrissage_.png;MESURÉ;234;46;;contenu;;;
INT-0012;(atterrissage);Invité (démo, propriétaire);desktop-1440;button;Mes devis;Mes devis;actif;;balayage C121/C129/C136;UX_EVIDENCE/inventaire/desktop-1440__atterrissage_.png;MESURÉ;234;46;;contenu;;;
INT-0013;(atterrissage);Invité (démo, propriétaire);desktop-1440;button;Factures;Factures;actif;;balayage C121/C129/C136;UX_EVIDENCE/inventaire/desktop-1440__atterrissage_.png;MESURÉ;234;46;;contenu;;;
INT-0014;(atterrissage);Invité (démo, propriétaire);desktop-1440;button;Dépenses;Dépenses;actif;;balayage C121/C129/C136;UX_EVIDENCE/inventaire/desktop-1440__atterrissage_.png;MESURÉ;234;46;;contenu;;;
INT-0015;(atterrissage);Invité (démo, propriétaire);desktop-1440;button;Ouvrages et ressources;Ouvrages et ressources;actif;;balayage C121/C129/C136;UX_EVIDENCE/inventaire/desktop-1440__atterrissage_.png;MESURÉ;234;46;;contenu;;;
INT-0016;(atterrissage);Invité (démo, propriétaire);desktop-1440;button;Paramètres;Paramètres du compte;actif;;balayage C121/C129/C136;UX_EVIDENCE/inventaire/desktop-1440__atterrissage_.png;MESURÉ;234;42;;aria-label;;;
INT-0017;(atterrissage);Invité (démo, propriétaire);desktop-1440;button;Tout;Tout;actif;;balayage C121/C129/C136 ; cité : G1, G2, G3, G4, G5, G6 …;UX_EVIDENCE/inventaire/desktop-1440__atterrissage_.png;MESURÉ + SCÉNARIO;50;24;;contenu;;;
INT-0018;(atterrissage);Invité (démo, propriétaire);desktop-1440;button;Ce mois;Ce mois;actif;;balayage C121/C129/C136 ; cité : G1, G2, G5, banc test_audit220_lot5;UX_EVIDENCE/inventaire/desktop-1440__atterrissage_.png;MESURÉ + SCÉNARIO;70;24;;contenu;;;
INT-0019;(atterrissage);Invité (démo, propriétaire);desktop-1440;button;Trimestre;Trimestre;actif;;balayage C121/C129/C136 ; cité : G1, G2, G5;UX_EVIDENCE/inventaire/desktop-1440__atterrissage_.png;MESURÉ + SCÉNARIO;80;24;;contenu;;;
INT-0020;(atterrissage);Invité (démo, propriétaire);desktop-1440;button;Année;Année;actif;;balayage C121/C129/C136 ; cité : G1, G2, G5, suite;UX_EVIDENCE/inventaire/desktop-1440__atterrissage_.png;MESURÉ + SCÉNARIO;61;24;;contenu;;;
INT-0021;(atterrissage);Invité (démo, propriétaire);desktop-1440;button;Personnaliser;Modifier et personnaliser le tableau de bord;actif;;balayage C121/C129/C136 ; cité : G2, G7;UX_EVIDENCE/inventaire/desktop-1440__atterrissage_.png;MESURÉ + SCÉNARIO;155;42;;aria-label;;;
INT-0022;(atterrissage);Invité (démo, propriétaire);desktop-1440;button;Créer mon premier devis;Créer mon premier devis;actif;;balayage C121/C129/C136 ; cité : G1, G2, G3, G5;UX_EVIDENCE/inventaire/desktop-1440__atterrissage_.png;MESURÉ + SCÉNARIO;208;45;;contenu;;;
INT-0023;(atterrissage);Invité (démo, propriétaire);desktop-1440;button;Nouveau devis Chiffrer un projet;Nouveau devis Chiffrer un projet;actif;;balayage C121/C129/C136 ; cité : G1, G2;UX_EVIDENCE/inventaire/desktop-1440__atterrissage_.png;MESURÉ + SCÉNARIO;273;66;;contenu;;;
INT-0024;(atterrissage);Invité (démo, propriétaire);desktop-1440;button;Nouveau chantier Ouvrir un dossier;Nouveau chantier Ouvrir un dossier;actif;;balayage C121/C129/C136 ; cité : G2;UX_EVIDENCE/inventaire/desktop-1440__atterrissage_.png;MESURÉ + SCÉNARIO;273;66;;contenu;;;
INT-0025;(atterrissage);Invité (démo, propriétaire);desktop-1440;button;Ajouter un client Répertoire & NIF;Ajouter un client Répertoire & NIF;actif;;balayage C121/C129/C136 ; cité : G2, G7;UX_EVIDENCE/inventaire/desktop-1440__atterrissage_.png;MESURÉ + SCÉNARIO;273;66;;contenu;;;
INT-0026;(atterrissage);Invité (démo, propriétaire);desktop-1440;button;Créer facture Facturer un acompte;Créer facture Facturer un acompte;actif;;balayage C121/C129/C136;UX_EVIDENCE/inventaire/desktop-1440__atterrissage_.png;MESURÉ;273;66;;contenu;;;
INT-0027;(atterrissage);Invité (démo, propriétaire);desktop-1440;button;Voir tous;Voir tous;actif;;balayage C121/C129/C136;UX_EVIDENCE/inventaire/desktop-1440__atterrissage_.png;MESURÉ;68;28;;contenu;;;
INT-0028;(atterrissage);Invité (démo, propriétaire);desktop-1440;button;Société Immobilière NBB Construction Siège NBB · DEV-2026-001 20 589 256 FCFA Ac;Société Immobilière NBB Construction Siège NBB · DEV-2026-001 20 589 256 FCFA Accepté;actif;;balayage C121/C129/C136;UX_EVIDENCE/inventaire/desktop-1440__atterrissage_.png;MESURÉ;635;70;;contenu;;;
INT-0029;(atterrissage);Invité (démo, propriétaire);desktop-1440;button;Voir tous;Voir tous;actif;;balayage C121/C129/C136;UX_EVIDENCE/inventaire/desktop-1440__atterrissage_.png;MESURÉ;68;28;;contenu;;;
INT-0030;(atterrissage);Invité (démo, propriétaire);desktop-1440;button;Construction Siège NBB Société Immobilière NBB En cours;Construction Siège NBB Société Immobilière NBB En cours;actif;;balayage C121/C129/C136 ; cité : G2;UX_EVIDENCE/inventaire/desktop-1440__atterrissage_.png;MESURÉ + SCÉNARIO;470;66;;contenu;;;
INT-0031;(atterrissage);Invité (démo, propriétaire);desktop-1440;button;Rénovation Façades ACM & Enseignes LED Résidence Les Almadies En cours;Rénovation Façades ACM & Enseignes LED Résidence Les Almadies En cours;actif;;balayage C121/C129/C136 ; cité : G2;UX_EVIDENCE/inventaire/desktop-1440__atterrissage_.png;MESURÉ + SCÉNARIO;470;67;;contenu;;;
INT-0032;#dashboard;Invité (démo, propriétaire);desktop-1440;link;Aller au contenu principal;Aller au contenu principal;actif;;balayage C121/C129/C136;UX_EVIDENCE/inventaire/desktop-1440__dashboard.png;MESURÉ;1;1;oui;contenu;;;#main-content
INT-0033;#dashboard;Invité (démo, propriétaire);desktop-1440;button;;ikadevis - Tableau de bord;actif;;balayage C121/C129/C136;UX_EVIDENCE/inventaire/desktop-1440__dashboard.png;MESURÉ;103;32;;aria-label;;;
INT-0034;#dashboard;Invité (démo, propriétaire);desktop-1440;input:text;;Recherche globale dans ikadevis;actif;;balayage C121/C129/C136;UX_EVIDENCE/inventaire/desktop-1440__dashboard.png;MESURÉ;448;30;;aria-label;;;
INT-0035;#dashboard;Invité (démo, propriétaire);desktop-1440;button;Démonstration;État de connexion : Démonstration;actif;;balayage C121/C129/C136;UX_EVIDENCE/inventaire/desktop-1440__dashboard.png;MESURÉ;124;26;;aria-label;;;
INT-0036;#dashboard;Invité (démo, propriétaire);desktop-1440;button;IKADEVIS BTP;Changer d'organisation;actif;;balayage C121/C129/C136;UX_EVIDENCE/inventaire/desktop-1440__dashboard.png;MESURÉ;150;38;;aria-label;;non;
INT-0037;#dashboard;Invité (démo, propriétaire);desktop-1440;button;;Paramètres du compte;actif;;balayage C121/C129/C136;UX_EVIDENCE/inventaire/desktop-1440__dashboard.png;MESURÉ;40;40;;aria-label;;;
INT-0038;#dashboard;Invité (démo, propriétaire);desktop-1440;button;;Menu du profil utilisateur;actif;;balayage C121/C129/C136;UX_EVIDENCE/inventaire/desktop-1440__dashboard.png;MESURÉ;55;40;;aria-label;;;
INT-0039;#dashboard;Invité (démo, propriétaire);desktop-1440;button;Nouveau devis;Nouveau devis;actif;;balayage C121/C129/C136;UX_EVIDENCE/inventaire/desktop-1440__dashboard.png;MESURÉ;234;40;;contenu;;;
INT-0040;#dashboard;Invité (démo, propriétaire);desktop-1440;button;Tableau de bord;Tableau de bord;actif;;balayage C121/C129/C136;UX_EVIDENCE/inventaire/desktop-1440__dashboard.png;MESURÉ;234;46;;contenu;;;
INT-0041;#dashboard;Invité (démo, propriétaire);desktop-1440;button;Chantiers;Chantiers;actif;;balayage C121/C129/C136;UX_EVIDENCE/inventaire/desktop-1440__dashboard.png;MESURÉ;234;46;;contenu;;;
INT-0042;#dashboard;Invité (démo, propriétaire);desktop-1440;button;Clients;Clients;actif;;balayage C121/C129/C136;UX_EVIDENCE/inventaire/desktop-1440__dashboard.png;MESURÉ;234;46;;contenu;;;
INT-0043;#dashboard;Invité (démo, propriétaire);desktop-1440;button;Mes devis;Mes devis;actif;;balayage C121/C129/C136;UX_EVIDENCE/inventaire/desktop-1440__dashboard.png;MESURÉ;234;46;;contenu;;;
INT-0044;#dashboard;Invité (démo, propriétaire);desktop-1440;button;Factures;Factures;actif;;balayage C121/C129/C136;UX_EVIDENCE/inventaire/desktop-1440__dashboard.png;MESURÉ;234;46;;contenu;;;
INT-0045;#dashboard;Invité (démo, propriétaire);desktop-1440;button;Dépenses;Dépenses;actif;;balayage C121/C129/C136;UX_EVIDENCE/inventaire/desktop-1440__dashboard.png;MESURÉ;234;46;;contenu;;;
INT-0046;#dashboard;Invité (démo, propriétaire);desktop-1440;button;Ouvrages et ressources;Ouvrages et ressources;actif;;balayage C121/C129/C136;UX_EVIDENCE/inventaire/desktop-1440__dashboard.png;MESURÉ;234;46;;contenu;;;
INT-0047;#dashboard;Invité (démo, propriétaire);desktop-1440;button;Paramètres;Paramètres du compte;actif;;balayage C121/C129/C136;UX_EVIDENCE/inventaire/desktop-1440__dashboard.png;MESURÉ;234;42;;aria-label;;;
INT-0048;#dashboard;Invité (démo, propriétaire);desktop-1440;button;Tout;Tout;actif;;balayage C121/C129/C136 ; cité : G1, G2, G3, G4, G5, G6 …;UX_EVIDENCE/inventaire/desktop-1440__dashboard.png;MESURÉ + SCÉNARIO;50;24;;contenu;;;
INT-0049;#dashboard;Invité (démo, propriétaire);desktop-1440;button;Ce mois;Ce mois;actif;;balayage C121/C129/C136 ; cité : G1, G2, G5, banc test_audit220_lot5;UX_EVIDENCE/inventaire/desktop-1440__dashboard.png;MESURÉ + SCÉNARIO;70;24;;contenu;;;
INT-0050;#dashboard;Invité (démo, propriétaire);desktop-1440;button;Trimestre;Trimestre;actif;;balayage C121/C129/C136 ; cité : G1, G2, G5;UX_EVIDENCE/inventaire/desktop-1440__dashboard.png;MESURÉ + SCÉNARIO;80;24;;contenu;;;
INT-0051;#dashboard;Invité (démo, propriétaire);desktop-1440;button;Année;Année;actif;;balayage C121/C129/C136 ; cité : G1, G2, G5, suite;UX_EVIDENCE/inventaire/desktop-1440__dashboard.png;MESURÉ + SCÉNARIO;61;24;;contenu;;;
INT-0052;#dashboard;Invité (démo, propriétaire);desktop-1440;button;Personnaliser;Modifier et personnaliser le tableau de bord;actif;;balayage C121/C129/C136 ; cité : G2, G7;UX_EVIDENCE/inventaire/desktop-1440__dashboard.png;MESURÉ + SCÉNARIO;155;42;;aria-label;;;
INT-0053;#dashboard;Invité (démo, propriétaire);desktop-1440;button;Créer mon premier devis;Créer mon premier devis;actif;;balayage C121/C129/C136 ; cité : G1, G2, G3, G5;UX_EVIDENCE/inventaire/desktop-1440__dashboard.png;MESURÉ + SCÉNARIO;208;45;;contenu;;;
INT-0054;#dashboard;Invité (démo, propriétaire);desktop-1440;button;Nouveau devis Chiffrer un projet;Nouveau devis Chiffrer un projet;actif;;balayage C121/C129/C136 ; cité : G1, G2;UX_EVIDENCE/inventaire/desktop-1440__dashboard.png;MESURÉ + SCÉNARIO;273;66;;contenu;;;
INT-0055;#dashboard;Invité (démo, propriétaire);desktop-1440;button;Nouveau chantier Ouvrir un dossier;Nouveau chantier Ouvrir un dossier;actif;;balayage C121/C129/C136 ; cité : G2;UX_EVIDENCE/inventaire/desktop-1440__dashboard.png;MESURÉ + SCÉNARIO;273;66;;contenu;;;
INT-0056;#dashboard;Invité (démo, propriétaire);desktop-1440;button;Ajouter un client Répertoire & NIF;Ajouter un client Répertoire & NIF;actif;;balayage C121/C129/C136 ; cité : G2, G7;UX_EVIDENCE/inventaire/desktop-1440__dashboard.png;MESURÉ + SCÉNARIO;273;66;;contenu;;;
INT-0057;#dashboard;Invité (démo, propriétaire);desktop-1440;button;Créer facture Facturer un acompte;Créer facture Facturer un acompte;actif;;balayage C121/C129/C136;UX_EVIDENCE/inventaire/desktop-1440__dashboard.png;MESURÉ;273;66;;contenu;;;
INT-0058;#dashboard;Invité (démo, propriétaire);desktop-1440;button;Voir tous;Voir tous;actif;;balayage C121/C129/C136;UX_EVIDENCE/inventaire/desktop-1440__dashboard.png;MESURÉ;68;28;;contenu;;;
INT-0059;#dashboard;Invité (démo, propriétaire);desktop-1440;button;Société Immobilière NBB Construction Siège NBB · DEV-2026-001 20 589 256 FCFA Ac;Société Immobilière NBB Construction Siège NBB · DEV-2026-001 20 589 256 FCFA Accepté;actif;;balayage C121/C129/C136;UX_EVIDENCE/inventaire/desktop-1440__dashboard.png;MESURÉ;635;70;;contenu;;;
INT-0060;#dashboard;Invité (démo, propriétaire);desktop-1440;button;Voir tous;Voir tous;actif;;balayage C121/C129/C136;UX_EVIDENCE/inventaire/desktop-1440__dashboard.png;MESURÉ;68;28;;contenu;;;
INT-0061;#dashboard;Invité (démo, propriétaire);desktop-1440;button;Construction Siège NBB Société Immobilière NBB En cours;Construction Siège NBB Société Immobilière NBB En cours;actif;;balayage C121/C129/C136 ; cité : G2;UX_EVIDENCE/inventaire/desktop-1440__dashboard.png;MESURÉ + SCÉNARIO;470;66;;contenu;;;
INT-0062;#dashboard;Invité (démo, propriétaire);desktop-1440;button;Rénovation Façades ACM & Enseignes LED Résidence Les Almadies En cours;Rénovation Façades ACM & Enseignes LED Résidence Les Almadies En cours;actif;;balayage C121/C129/C136 ; cité : G2;UX_EVIDENCE/inventaire/desktop-1440__dashboard.png;MESURÉ + SCÉNARIO;470;67;;contenu;;;
INT-0063;#chantiers;Invité (démo, propriétaire);desktop-1440;link;Aller au contenu principal;Aller au contenu principal;actif;;balayage C121/C129/C136;UX_EVIDENCE/inventaire/desktop-1440__chantiers.png;MESURÉ;1;1;oui;contenu;;;#main-content
INT-0064;#chantiers;Invité (démo, propriétaire);desktop-1440;button;;ikadevis - Tableau de bord;actif;;balayage C121/C129/C136;UX_EVIDENCE/inventaire/desktop-1440__chantiers.png;MESURÉ;103;32;;aria-label;;;
INT-0065;#chantiers;Invité (démo, propriétaire);desktop-1440;input:text;;Recherche globale dans ikadevis;actif;;balayage C121/C129/C136;UX_EVIDENCE/inventaire/desktop-1440__chantiers.png;MESURÉ;448;30;;aria-label;;;
INT-0066;#chantiers;Invité (démo, propriétaire);desktop-1440;button;Démonstration;État de connexion : Démonstration;actif;;balayage C121/C129/C136;UX_EVIDENCE/inventaire/desktop-1440__chantiers.png;MESURÉ;124;26;;aria-label;;;
INT-0067;#chantiers;Invité (démo, propriétaire);desktop-1440;button;IKADEVIS BTP;Changer d'organisation;actif;;balayage C121/C129/C136;UX_EVIDENCE/inventaire/desktop-1440__chantiers.png;MESURÉ;150;38;;aria-label;;non;
INT-0068;#chantiers;Invité (démo, propriétaire);desktop-1440;button;;Paramètres du compte;actif;;balayage C121/C129/C136;UX_EVIDENCE/inventaire/desktop-1440__chantiers.png;MESURÉ;40;40;;aria-label;;;
INT-0069;#chantiers;Invité (démo, propriétaire);desktop-1440;button;;Menu du profil utilisateur;actif;;balayage C121/C129/C136;UX_EVIDENCE/inventaire/desktop-1440__chantiers.png;MESURÉ;55;40;;aria-label;;;
INT-0070;#chantiers;Invité (démo, propriétaire);desktop-1440;button;Nouveau devis;Nouveau devis;actif;;balayage C121/C129/C136;UX_EVIDENCE/inventaire/desktop-1440__chantiers.png;MESURÉ;234;40;;contenu;;;
INT-0071;#chantiers;Invité (démo, propriétaire);desktop-1440;button;Tableau de bord;Tableau de bord;actif;;balayage C121/C129/C136;UX_EVIDENCE/inventaire/desktop-1440__chantiers.png;MESURÉ;234;46;;contenu;;;
INT-0072;#chantiers;Invité (démo, propriétaire);desktop-1440;button;Chantiers;Chantiers;actif;;balayage C121/C129/C136;UX_EVIDENCE/inventaire/desktop-1440__chantiers.png;MESURÉ;234;46;;contenu;;;
INT-0073;#chantiers;Invité (démo, propriétaire);desktop-1440;button;Clients;Clients;actif;;balayage C121/C129/C136;UX_EVIDENCE/inventaire/desktop-1440__chantiers.png;MESURÉ;234;46;;contenu;;;
INT-0074;#chantiers;Invité (démo, propriétaire);desktop-1440;button;Mes devis;Mes devis;actif;;balayage C121/C129/C136;UX_EVIDENCE/inventaire/desktop-1440__chantiers.png;MESURÉ;234;46;;contenu;;;
INT-0075;#chantiers;Invité (démo, propriétaire);desktop-1440;button;Factures;Factures;actif;;balayage C121/C129/C136;UX_EVIDENCE/inventaire/desktop-1440__chantiers.png;MESURÉ;234;46;;contenu;;;
INT-0076;#chantiers;Invité (démo, propriétaire);desktop-1440;button;Dépenses;Dépenses;actif;;balayage C121/C129/C136;UX_EVIDENCE/inventaire/desktop-1440__chantiers.png;MESURÉ;234;46;;contenu;;;
INT-0077;#chantiers;Invité (démo, propriétaire);desktop-1440;button;Ouvrages et ressources;Ouvrages et ressources;actif;;balayage C121/C129/C136;UX_EVIDENCE/inventaire/desktop-1440__chantiers.png;MESURÉ;234;46;;contenu;;;
INT-0078;#chantiers;Invité (démo, propriétaire);desktop-1440;button;Paramètres;Paramètres du compte;actif;;balayage C121/C129/C136;UX_EVIDENCE/inventaire/desktop-1440__chantiers.png;MESURÉ;234;42;;aria-label;;;
INT-0079;#chantiers;Invité (démo, propriétaire);desktop-1440;button;Nouveau Chantier;Créer un nouveau chantier;actif;;balayage C121/C129/C136 ; cité : G2, G3;UX_EVIDENCE/inventaire/desktop-1440__chantiers.png;MESURÉ + SCÉNARIO;185;42;;aria-label;;;
INT-0080;#chantiers;Invité (démo, propriétaire);desktop-1440;input:text;;Rechercher un chantier;actif;;balayage C121/C129/C136 ; cité : G7;UX_EVIDENCE/inventaire/desktop-1440__chantiers.png;MESURÉ + SCÉNARIO;380;34;;aria-label;;;
INT-0081;#chantiers;Invité (démo, propriétaire);desktop-1440;button;PRJ-2026-001 EN COURS Construction Siège NBB Société Immobilière NBB · 1 devis;Sélectionner le chantier Construction Siège NBB;actif;;balayage C121/C129/C136 ; cité : G2;UX_EVIDENCE/inventaire/desktop-1440__chantiers.png;MESURÉ + SCÉNARIO;376;98;;aria-label;;non;
INT-0082;#chantiers;Invité (démo, propriétaire);desktop-1440;button;PRJ-2026-002 EN COURS Rénovation Façades ACM & Enseignes LED Résidence Les Almad;Sélectionner le chantier Rénovation Façades ACM & Enseignes LED;actif;;balayage C121/C129/C136;UX_EVIDENCE/inventaire/desktop-1440__chantiers.png;MESURÉ;376;98;;aria-label;;non;
INT-0083;#clients;Invité (démo, propriétaire);desktop-1440;link;Aller au contenu principal;Aller au contenu principal;actif;;balayage C121/C129/C136;UX_EVIDENCE/inventaire/desktop-1440__clients.png;MESURÉ;1;1;oui;contenu;;;#main-content
INT-0084;#clients;Invité (démo, propriétaire);desktop-1440;button;;ikadevis - Tableau de bord;actif;;balayage C121/C129/C136;UX_EVIDENCE/inventaire/desktop-1440__clients.png;MESURÉ;103;32;;aria-label;;;
INT-0085;#clients;Invité (démo, propriétaire);desktop-1440;input:text;;Recherche globale dans ikadevis;actif;;balayage C121/C129/C136;UX_EVIDENCE/inventaire/desktop-1440__clients.png;MESURÉ;448;30;;aria-label;;;
INT-0086;#clients;Invité (démo, propriétaire);desktop-1440;button;Démonstration;État de connexion : Démonstration;actif;;balayage C121/C129/C136;UX_EVIDENCE/inventaire/desktop-1440__clients.png;MESURÉ;124;26;;aria-label;;;
INT-0087;#clients;Invité (démo, propriétaire);desktop-1440;button;IKADEVIS BTP;Changer d'organisation;actif;;balayage C121/C129/C136;UX_EVIDENCE/inventaire/desktop-1440__clients.png;MESURÉ;150;38;;aria-label;;non;
INT-0088;#clients;Invité (démo, propriétaire);desktop-1440;button;;Paramètres du compte;actif;;balayage C121/C129/C136;UX_EVIDENCE/inventaire/desktop-1440__clients.png;MESURÉ;40;40;;aria-label;;;
INT-0089;#clients;Invité (démo, propriétaire);desktop-1440;button;;Menu du profil utilisateur;actif;;balayage C121/C129/C136;UX_EVIDENCE/inventaire/desktop-1440__clients.png;MESURÉ;55;40;;aria-label;;;
INT-0090;#clients;Invité (démo, propriétaire);desktop-1440;button;Nouveau devis;Nouveau devis;actif;;balayage C121/C129/C136;UX_EVIDENCE/inventaire/desktop-1440__clients.png;MESURÉ;234;40;;contenu;;;
INT-0091;#clients;Invité (démo, propriétaire);desktop-1440;button;Tableau de bord;Tableau de bord;actif;;balayage C121/C129/C136;UX_EVIDENCE/inventaire/desktop-1440__clients.png;MESURÉ;234;46;;contenu;;;
INT-0092;#clients;Invité (démo, propriétaire);desktop-1440;button;Chantiers;Chantiers;actif;;balayage C121/C129/C136;UX_EVIDENCE/inventaire/desktop-1440__clients.png;MESURÉ;234;46;;contenu;;;
INT-0093;#clients;Invité (démo, propriétaire);desktop-1440;button;Clients;Clients;actif;;balayage C121/C129/C136;UX_EVIDENCE/inventaire/desktop-1440__clients.png;MESURÉ;234;46;;contenu;;;
INT-0094;#clients;Invité (démo, propriétaire);desktop-1440;button;Mes devis;Mes devis;actif;;balayage C121/C129/C136;UX_EVIDENCE/inventaire/desktop-1440__clients.png;MESURÉ;234;46;;contenu;;;
INT-0095;#clients;Invité (démo, propriétaire);desktop-1440;button;Factures;Factures;actif;;balayage C121/C129/C136;UX_EVIDENCE/inventaire/desktop-1440__clients.png;MESURÉ;234;46;;contenu;;;
INT-0096;#clients;Invité (démo, propriétaire);desktop-1440;button;Dépenses;Dépenses;actif;;balayage C121/C129/C136;UX_EVIDENCE/inventaire/desktop-1440__clients.png;MESURÉ;234;46;;contenu;;;
INT-0097;#clients;Invité (démo, propriétaire);desktop-1440;button;Ouvrages et ressources;Ouvrages et ressources;actif;;balayage C121/C129/C136;UX_EVIDENCE/inventaire/desktop-1440__clients.png;MESURÉ;234;46;;contenu;;;
INT-0098;#clients;Invité (démo, propriétaire);desktop-1440;button;Paramètres;Paramètres du compte;actif;;balayage C121/C129/C136;UX_EVIDENCE/inventaire/desktop-1440__clients.png;MESURÉ;234;42;;aria-label;;;
INT-0099;#clients;Invité (démo, propriétaire);desktop-1440;button;Nouveau Client;Créer un nouveau client;actif;;balayage C121/C129/C136 ; cité : G2, G3, G6, G7, banc test_accessibilite_navigation_fenetres;UX_EVIDENCE/inventaire/desktop-1440__clients.png;MESURÉ + SCÉNARIO;171;42;;aria-label;;;
INT-0100;#clients;Invité (démo, propriétaire);desktop-1440;input:text;;Rechercher un client;actif;;balayage C121/C129/C136 ; cité : G7;UX_EVIDENCE/inventaire/desktop-1440__clients.png;MESURÉ + SCÉNARIO;380;34;;aria-label;;;
INT-0101;#clients;Invité (démo, propriétaire);desktop-1440;button;SO Société Immobilière NBB M. Amadou DIOP (Directeur Général) 1;Sélectionner Société Immobilière NBB;actif;;balayage C121/C129/C136 ; cité : G2, G7;UX_EVIDENCE/inventaire/desktop-1440__clients.png;MESURÉ + SCÉNARIO;376;69;;aria-label;;non;
INT-0102;#clients;Invité (démo, propriétaire);desktop-1440;button;RÉ Résidence Les Almadies Mme Fatou SOW (Syndic);Sélectionner Résidence Les Almadies;actif;;balayage C121/C129/C136 ; cité : G2, G7;UX_EVIDENCE/inventaire/desktop-1440__clients.png;MESURÉ + SCÉNARIO;376;69;;aria-label;;non;
INT-0103;#chiffrage;Invité (démo, propriétaire);desktop-1440;link;Aller au contenu principal;Aller au contenu principal;actif;;balayage C121/C129/C136;UX_EVIDENCE/inventaire/desktop-1440__chiffrage.png;MESURÉ;1;1;oui;contenu;;;#main-content
INT-0104;#chiffrage;Invité (démo, propriétaire);desktop-1440;button;;ikadevis - Tableau de bord;actif;;balayage C121/C129/C136;UX_EVIDENCE/inventaire/desktop-1440__chiffrage.png;MESURÉ;103;32;;aria-label;;;
INT-0105;#chiffrage;Invité (démo, propriétaire);desktop-1440;input:text;;Recherche globale dans ikadevis;actif;;balayage C121/C129/C136;UX_EVIDENCE/inventaire/desktop-1440__chiffrage.png;MESURÉ;448;30;;aria-label;;;
INT-0106;#chiffrage;Invité (démo, propriétaire);desktop-1440;button;Démonstration;État de connexion : Démonstration;actif;;balayage C121/C129/C136;UX_EVIDENCE/inventaire/desktop-1440__chiffrage.png;MESURÉ;124;26;;aria-label;;;
INT-0107;#chiffrage;Invité (démo, propriétaire);desktop-1440;button;IKADEVIS BTP;Changer d'organisation;actif;;balayage C121/C129/C136;UX_EVIDENCE/inventaire/desktop-1440__chiffrage.png;MESURÉ;150;38;;aria-label;;non;
INT-0108;#chiffrage;Invité (démo, propriétaire);desktop-1440;button;;Paramètres du compte;actif;;balayage C121/C129/C136;UX_EVIDENCE/inventaire/desktop-1440__chiffrage.png;MESURÉ;40;40;;aria-label;;;
INT-0109;#chiffrage;Invité (démo, propriétaire);desktop-1440;button;;Menu du profil utilisateur;actif;;balayage C121/C129/C136;UX_EVIDENCE/inventaire/desktop-1440__chiffrage.png;MESURÉ;55;40;;aria-label;;;
INT-0110;#chiffrage;Invité (démo, propriétaire);desktop-1440;button;Nouveau devis;Nouveau devis;actif;;balayage C121/C129/C136;UX_EVIDENCE/inventaire/desktop-1440__chiffrage.png;MESURÉ;234;40;;contenu;;;
INT-0111;#chiffrage;Invité (démo, propriétaire);desktop-1440;button;Tableau de bord;Tableau de bord;actif;;balayage C121/C129/C136;UX_EVIDENCE/inventaire/desktop-1440__chiffrage.png;MESURÉ;234;46;;contenu;;;
INT-0112;#chiffrage;Invité (démo, propriétaire);desktop-1440;button;Chantiers;Chantiers;actif;;balayage C121/C129/C136;UX_EVIDENCE/inventaire/desktop-1440__chiffrage.png;MESURÉ;234;46;;contenu;;;
INT-0113;#chiffrage;Invité (démo, propriétaire);desktop-1440;button;Clients;Clients;actif;;balayage C121/C129/C136;UX_EVIDENCE/inventaire/desktop-1440__chiffrage.png;MESURÉ;234;46;;contenu;;;
INT-0114;#chiffrage;Invité (démo, propriétaire);desktop-1440;button;Chiffrage en cours;Chiffrage en cours;actif;;balayage C121/C129/C136 ; cité : G2, banc test_audit220_rejeu_corriges, suite;UX_EVIDENCE/inventaire/desktop-1440__chiffrage.png;MESURÉ + SCÉNARIO;234;46;;contenu;;;
INT-0115;#chiffrage;Invité (démo, propriétaire);desktop-1440;button;Mes devis;Mes devis;actif;;balayage C121/C129/C136;UX_EVIDENCE/inventaire/desktop-1440__chiffrage.png;MESURÉ;234;46;;contenu;;;
INT-0116;#chiffrage;Invité (démo, propriétaire);desktop-1440;button;Factures;Factures;actif;;balayage C121/C129/C136;UX_EVIDENCE/inventaire/desktop-1440__chiffrage.png;MESURÉ;234;46;;contenu;;;
INT-0117;#chiffrage;Invité (démo, propriétaire);desktop-1440;button;Dépenses;Dépenses;actif;;balayage C121/C129/C136;UX_EVIDENCE/inventaire/desktop-1440__chiffrage.png;MESURÉ;234;46;;contenu;;;
INT-0118;#chiffrage;Invité (démo, propriétaire);desktop-1440;button;Ouvrages et ressources;Ouvrages et ressources;actif;;balayage C121/C129/C136;UX_EVIDENCE/inventaire/desktop-1440__chiffrage.png;MESURÉ;234;46;;contenu;;;
INT-0119;#chiffrage;Invité (démo, propriétaire);desktop-1440;button;Paramètres;Paramètres du compte;actif;;balayage C121/C129/C136;UX_EVIDENCE/inventaire/desktop-1440__chiffrage.png;MESURÉ;234;42;;aria-label;;;
INT-0120;#chiffrage;Invité (démo, propriétaire);desktop-1440;button;;Annuler la modification (Cmd+Z / Ctrl+Z);désactivé;;balayage C121/C129/C136 ; cité : G2, G3, G7;UX_EVIDENCE/inventaire/desktop-1440__chiffrage.png;MESURÉ + SCÉNARIO;28;28;;aria-label;;;
INT-0121;#chiffrage;Invité (démo, propriétaire);desktop-1440;button;;Rétablir la modification (Cmd+Maj+Z / Ctrl+Y);désactivé;;balayage C121/C129/C136 ; cité : G2;UX_EVIDENCE/inventaire/desktop-1440__chiffrage.png;MESURÉ + SCÉNARIO;28;28;;aria-label;;;
INT-0122;#chiffrage;Invité (démo, propriétaire);desktop-1440;button;BROUILLON;Statut du devis;actif;;balayage C121/C129/C136 ; cité : G2, G6, G7;UX_EVIDENCE/inventaire/desktop-1440__chiffrage.png;MESURÉ + SCÉNARIO;106;27;;aria-label;;non;
INT-0123;#chiffrage;Invité (démo, propriétaire);desktop-1440;button;Nouveau devis;Nouveau devis;actif;;balayage C121/C129/C136;UX_EVIDENCE/inventaire/desktop-1440__chiffrage.png;MESURÉ;165;42;;contenu;;;
INT-0124;#chiffrage;Invité (démo, propriétaire);desktop-1440;button;Aperçu Client & PDF;Aperçu Client & PDF;actif;;balayage C121/C129/C136 ; cité : G2, suite;UX_EVIDENCE/inventaire/desktop-1440__chiffrage.png;MESURÉ + SCÉNARIO;200;42;;contenu;;;
INT-0125;#chiffrage;Invité (démo, propriétaire);desktop-1440;button;Enregistrer;Enregistrer;actif;;balayage C121/C129/C136 ; cité : G1, G2, G3, G5, G6, G7 …;UX_EVIDENCE/inventaire/desktop-1440__chiffrage.png;MESURÉ + SCÉNARIO;135;40;;contenu;;;
INT-0126;#chiffrage;Invité (démo, propriétaire);desktop-1440;button;;Plus d'actions sur le devis;actif;;balayage C121/C129/C136 ; cité : G2, G7;UX_EVIDENCE/inventaire/desktop-1440__chiffrage.png;MESURÉ + SCÉNARIO;32;32;;aria-label;;;
INT-0127;#chiffrage;Invité (démo, propriétaire);desktop-1440;combobox;;Client du devis;actif;;balayage C121/C129/C136 ; cité : G6, G7, suite;UX_EVIDENCE/inventaire/desktop-1440__chiffrage.png;MESURÉ + SCÉNARIO;488;30;;aria-label;;;
INT-0128;#chiffrage;Invité (démo, propriétaire);desktop-1440;combobox;;Chantier du devis;actif;;balayage C121/C129/C136 ; cité : G7;UX_EVIDENCE/inventaire/desktop-1440__chiffrage.png;MESURÉ + SCÉNARIO;488;30;;aria-label;;;
INT-0129;#chiffrage;Invité (démo, propriétaire);desktop-1440;button;Importer Excel / CSV;Importer Excel / CSV;actif;;balayage C121/C129/C136 ; cité : G2;UX_EVIDENCE/inventaire/desktop-1440__chiffrage.png;MESURÉ + SCÉNARIO;201;44;;contenu;;;
INT-0130;#chiffrage;Invité (démo, propriétaire);desktop-1440;button;;Ajouter un nouveau lot;actif;;balayage C121/C129/C136 ; cité : G2;UX_EVIDENCE/inventaire/desktop-1440__chiffrage.png;MESURÉ + SCÉNARIO;28;28;;aria-label;;;
INT-0131;#chiffrage;Invité (démo, propriétaire);desktop-1440;button;01 Lot 01 — Travaux 0 FCFA • 0% • 0 ouvrage;01 Lot 01 — Travaux 0 FCFA • 0% • 0 ouvrage;actif;;balayage C121/C129/C136 ; cité : G2;UX_EVIDENCE/inventaire/desktop-1440__chiffrage.png;MESURÉ + SCÉNARIO;203;54;;contenu;;;
INT-0132;#chiffrage;Invité (démo, propriétaire);desktop-1440;button;Ajouter mon premier ouvrage;Ajouter mon premier ouvrage;actif;;balayage C121/C129/C136 ; cité : G1, G2, G3, G7, banc test_audit220_lot6;UX_EVIDENCE/inventaire/desktop-1440__chiffrage.png;MESURÉ + SCÉNARIO;261;48;;contenu;;;
INT-0133;#chiffrage;Invité (démo, propriétaire);desktop-1440;tab;01 Lot 01 — Travaux 0 FCFA;01 Lot 01 — Travaux 0 FCFA;actif;;balayage C121/C129/C136 ; cité : G2, G7;UX_EVIDENCE/inventaire/desktop-1440__chiffrage.png;MESURÉ + SCÉNARIO;193;30;;contenu;;;
INT-0134;#chiffrage;Invité (démo, propriétaire);desktop-1440;button;Nouveau lot;Ajouter un lot au devis;actif;;balayage C121/C129/C136 ; cité : G2;UX_EVIDENCE/inventaire/desktop-1440__chiffrage.png;MESURÉ + SCÉNARIO;104;26;;aria-label;;non;
INT-0135;#chiffrage;Invité (démo, propriétaire);desktop-1440;button;Synthèse lots;Synthèse des lots;actif;;balayage C121/C129/C136 ; cité : G2, suite;UX_EVIDENCE/inventaire/desktop-1440__chiffrage.png;MESURÉ + SCÉNARIO;117;26;;aria-label;;non;
INT-0136;#chiffrage;Invité (démo, propriétaire);desktop-1440;button;;Options du lot;actif;;balayage C121/C129/C136 ; cité : G2, G7;UX_EVIDENCE/inventaire/desktop-1440__chiffrage.png;MESURÉ + SCÉNARIO;21;34;oui;aria-label;;;
INT-0137;#chiffrage;Invité (démo, propriétaire);desktop-1440;combobox;;Rechercher un ouvrage à ajouter;actif;;balayage C121/C129/C136 ; cité : G7;UX_EVIDENCE/inventaire/desktop-1440__chiffrage.png;MESURÉ + SCÉNARIO;576;38;;aria-label;;;
INT-0138;#chiffrage;Invité (démo, propriétaire);desktop-1440;button;Choisir dans le Catalogue complet;Choisir dans le Catalogue complet;actif;;balayage C121/C129/C136 ; cité : G2;UX_EVIDENCE/inventaire/desktop-1440__chiffrage.png;MESURÉ + SCÉNARIO;295;42;;contenu;;;
INT-0139;#chiffrage;Invité (démo, propriétaire);desktop-1440;button;Ajouter une ligne libre;Ajouter une ligne libre;actif;;balayage C121/C129/C136 ; cité : G2;UX_EVIDENCE/inventaire/desktop-1440__chiffrage.png;MESURÉ + SCÉNARIO;214;42;;aria-label;;;
INT-0140;#chiffrage;Invité (démo, propriétaire);desktop-1440;span;COEFF K;COEFF K;actif;;balayage C121/C129/C136 ; cité : G2, suite;UX_EVIDENCE/inventaire/desktop-1440__chiffrage.png;MESURÉ + SCÉNARIO;43;16;oui;contenu;;;
INT-0141;#chiffrage;Invité (démo, propriétaire);desktop-1440;combobox;18 % 10 % 0 % — Exonéré;Taux de TVA du devis;actif;;balayage C121/C129/C136;UX_EVIDENCE/inventaire/desktop-1440__chiffrage.png;MESURÉ;133;36;;aria-label;;non;
INT-0142;#devis;Invité (démo, propriétaire);desktop-1440;link;Aller au contenu principal;Aller au contenu principal;actif;;balayage C121/C129/C136;UX_EVIDENCE/inventaire/desktop-1440__devis.png;MESURÉ;1;1;oui;contenu;;;#main-content
INT-0143;#devis;Invité (démo, propriétaire);desktop-1440;button;;ikadevis - Tableau de bord;actif;;balayage C121/C129/C136;UX_EVIDENCE/inventaire/desktop-1440__devis.png;MESURÉ;103;32;;aria-label;;;
INT-0144;#devis;Invité (démo, propriétaire);desktop-1440;input:text;;Recherche globale dans ikadevis;actif;;balayage C121/C129/C136;UX_EVIDENCE/inventaire/desktop-1440__devis.png;MESURÉ;448;30;;aria-label;;;
INT-0145;#devis;Invité (démo, propriétaire);desktop-1440;button;Démonstration;État de connexion : Démonstration;actif;;balayage C121/C129/C136;UX_EVIDENCE/inventaire/desktop-1440__devis.png;MESURÉ;124;26;;aria-label;;;
INT-0146;#devis;Invité (démo, propriétaire);desktop-1440;button;IKADEVIS BTP;Changer d'organisation;actif;;balayage C121/C129/C136;UX_EVIDENCE/inventaire/desktop-1440__devis.png;MESURÉ;150;38;;aria-label;;non;
INT-0147;#devis;Invité (démo, propriétaire);desktop-1440;button;;Paramètres du compte;actif;;balayage C121/C129/C136;UX_EVIDENCE/inventaire/desktop-1440__devis.png;MESURÉ;40;40;;aria-label;;;
INT-0148;#devis;Invité (démo, propriétaire);desktop-1440;button;;Menu du profil utilisateur;actif;;balayage C121/C129/C136;UX_EVIDENCE/inventaire/desktop-1440__devis.png;MESURÉ;55;40;;aria-label;;;
INT-0149;#devis;Invité (démo, propriétaire);desktop-1440;button;Nouveau devis;Nouveau devis;actif;;balayage C121/C129/C136;UX_EVIDENCE/inventaire/desktop-1440__devis.png;MESURÉ;234;40;;contenu;;;
INT-0150;#devis;Invité (démo, propriétaire);desktop-1440;button;Tableau de bord;Tableau de bord;actif;;balayage C121/C129/C136;UX_EVIDENCE/inventaire/desktop-1440__devis.png;MESURÉ;234;46;;contenu;;;
INT-0151;#devis;Invité (démo, propriétaire);desktop-1440;button;Chantiers;Chantiers;actif;;balayage C121/C129/C136;UX_EVIDENCE/inventaire/desktop-1440__devis.png;MESURÉ;234;46;;contenu;;;
INT-0152;#devis;Invité (démo, propriétaire);desktop-1440;button;Clients;Clients;actif;;balayage C121/C129/C136;UX_EVIDENCE/inventaire/desktop-1440__devis.png;MESURÉ;234;46;;contenu;;;
INT-0153;#devis;Invité (démo, propriétaire);desktop-1440;button;Mes devis;Mes devis;actif;;balayage C121/C129/C136;UX_EVIDENCE/inventaire/desktop-1440__devis.png;MESURÉ;234;46;;contenu;;;
INT-0154;#devis;Invité (démo, propriétaire);desktop-1440;button;Factures;Factures;actif;;balayage C121/C129/C136;UX_EVIDENCE/inventaire/desktop-1440__devis.png;MESURÉ;234;46;;contenu;;;
INT-0155;#devis;Invité (démo, propriétaire);desktop-1440;button;Dépenses;Dépenses;actif;;balayage C121/C129/C136;UX_EVIDENCE/inventaire/desktop-1440__devis.png;MESURÉ;234;46;;contenu;;;
INT-0156;#devis;Invité (démo, propriétaire);desktop-1440;button;Ouvrages et ressources;Ouvrages et ressources;actif;;balayage C121/C129/C136;UX_EVIDENCE/inventaire/desktop-1440__devis.png;MESURÉ;234;46;;contenu;;;
INT-0157;#devis;Invité (démo, propriétaire);desktop-1440;button;Paramètres;Paramètres du compte;actif;;balayage C121/C129/C136;UX_EVIDENCE/inventaire/desktop-1440__devis.png;MESURÉ;234;42;;aria-label;;;
INT-0158;#devis;Invité (démo, propriétaire);desktop-1440;button;Nouveau devis;Nouveau devis;actif;;balayage C121/C129/C136;UX_EVIDENCE/inventaire/desktop-1440__devis.png;MESURÉ;166;40;;contenu;;;
INT-0159;#devis;Invité (démo, propriétaire);desktop-1440;input:search;;Rechercher dans les devis;actif;;balayage C121/C129/C136 ; cité : G3, G7;UX_EVIDENCE/inventaire/desktop-1440__devis.png;MESURÉ + SCÉNARIO;1111;42;;aria-label;;;
INT-0160;#devis;Invité (démo, propriétaire);desktop-1440;button;Tous les statuts;Filtrer les devis par statut;actif;;balayage C121/C129/C136 ; cité : G2;UX_EVIDENCE/inventaire/desktop-1440__devis.png;MESURÉ + SCÉNARIO;551;34;;aria-label;;non;
INT-0161;#devis;Invité (démo, propriétaire);desktop-1440;button;Plus récents;Trier les devis;actif;;balayage C121/C129/C136 ; cité : G2;UX_EVIDENCE/inventaire/desktop-1440__devis.png;MESURÉ + SCÉNARIO;551;34;;aria-label;;non;
INT-0162;#devis;Invité (démo, propriétaire);desktop-1440;button;Société Immobilière NBB Construction Siège NBB DEV-2026-001 03/10/2026 20 589 25;Afficher le devis DEV-2026-001 de Société Immobilière NBB;actif;;balayage C121/C129/C136 ; cité : G2;UX_EVIDENCE/inventaire/desktop-1440__devis.png;MESURÉ + SCÉNARIO;1127;61;;aria-label;;non;
INT-0163;#devis;Invité (démo, propriétaire);desktop-1440;button;;Supprimer le devis DEV-2026-001;actif;;balayage C121/C129/C136 ; cité : G2, G3, G7, suite;UX_EVIDENCE/inventaire/desktop-1440__devis.png;MESURÉ + SCÉNARIO;28;28;;aria-label;;;
INT-0164;#factures;Invité (démo, propriétaire);desktop-1440;link;Aller au contenu principal;Aller au contenu principal;actif;;balayage C121/C129/C136;UX_EVIDENCE/inventaire/desktop-1440__factures.png;MESURÉ;1;1;oui;contenu;;;#main-content
INT-0165;#factures;Invité (démo, propriétaire);desktop-1440;button;;ikadevis - Tableau de bord;actif;;balayage C121/C129/C136;UX_EVIDENCE/inventaire/desktop-1440__factures.png;MESURÉ;103;32;;aria-label;;;
INT-0166;#factures;Invité (démo, propriétaire);desktop-1440;input:text;;Recherche globale dans ikadevis;actif;;balayage C121/C129/C136;UX_EVIDENCE/inventaire/desktop-1440__factures.png;MESURÉ;448;30;;aria-label;;;
INT-0167;#factures;Invité (démo, propriétaire);desktop-1440;button;Démonstration;État de connexion : Démonstration;actif;;balayage C121/C129/C136;UX_EVIDENCE/inventaire/desktop-1440__factures.png;MESURÉ;124;26;;aria-label;;;
INT-0168;#factures;Invité (démo, propriétaire);desktop-1440;button;IKADEVIS BTP;Changer d'organisation;actif;;balayage C121/C129/C136;UX_EVIDENCE/inventaire/desktop-1440__factures.png;MESURÉ;150;38;;aria-label;;non;
INT-0169;#factures;Invité (démo, propriétaire);desktop-1440;button;;Paramètres du compte;actif;;balayage C121/C129/C136;UX_EVIDENCE/inventaire/desktop-1440__factures.png;MESURÉ;40;40;;aria-label;;;
INT-0170;#factures;Invité (démo, propriétaire);desktop-1440;button;;Menu du profil utilisateur;actif;;balayage C121/C129/C136;UX_EVIDENCE/inventaire/desktop-1440__factures.png;MESURÉ;55;40;;aria-label;;;
INT-0171;#factures;Invité (démo, propriétaire);desktop-1440;button;Nouveau devis;Nouveau devis;actif;;balayage C121/C129/C136;UX_EVIDENCE/inventaire/desktop-1440__factures.png;MESURÉ;234;40;;contenu;;;
INT-0172;#factures;Invité (démo, propriétaire);desktop-1440;button;Tableau de bord;Tableau de bord;actif;;balayage C121/C129/C136;UX_EVIDENCE/inventaire/desktop-1440__factures.png;MESURÉ;234;46;;contenu;;;
INT-0173;#factures;Invité (démo, propriétaire);desktop-1440;button;Chantiers;Chantiers;actif;;balayage C121/C129/C136;UX_EVIDENCE/inventaire/desktop-1440__factures.png;MESURÉ;234;46;;contenu;;;
INT-0174;#factures;Invité (démo, propriétaire);desktop-1440;button;Clients;Clients;actif;;balayage C121/C129/C136;UX_EVIDENCE/inventaire/desktop-1440__factures.png;MESURÉ;234;46;;contenu;;;
INT-0175;#factures;Invité (démo, propriétaire);desktop-1440;button;Mes devis;Mes devis;actif;;balayage C121/C129/C136;UX_EVIDENCE/inventaire/desktop-1440__factures.png;MESURÉ;234;46;;contenu;;;
INT-0176;#factures;Invité (démo, propriétaire);desktop-1440;button;Factures;Factures;actif;;balayage C121/C129/C136;UX_EVIDENCE/inventaire/desktop-1440__factures.png;MESURÉ;234;46;;contenu;;;
INT-0177;#factures;Invité (démo, propriétaire);desktop-1440;button;Dépenses;Dépenses;actif;;balayage C121/C129/C136;UX_EVIDENCE/inventaire/desktop-1440__factures.png;MESURÉ;234;46;;contenu;;;
INT-0178;#factures;Invité (démo, propriétaire);desktop-1440;button;Ouvrages et ressources;Ouvrages et ressources;actif;;balayage C121/C129/C136;UX_EVIDENCE/inventaire/desktop-1440__factures.png;MESURÉ;234;46;;contenu;;;
INT-0179;#factures;Invité (démo, propriétaire);desktop-1440;button;Paramètres;Paramètres du compte;actif;;balayage C121/C129/C136;UX_EVIDENCE/inventaire/desktop-1440__factures.png;MESURÉ;234;42;;aria-label;;;
INT-0180;#factures;Invité (démo, propriétaire);desktop-1440;button;Export CSV;Exporter les factures en CSV;actif;;balayage C121/C129/C136 ; cité : G2;UX_EVIDENCE/inventaire/desktop-1440__factures.png;MESURÉ + SCÉNARIO;137;42;;aria-label;;non;
INT-0181;#factures;Invité (démo, propriétaire);desktop-1440;button;Nouveau;Créer une facture depuis un devis;actif;;balayage C121/C129/C136;UX_EVIDENCE/inventaire/desktop-1440__factures.png;MESURÉ;123;42;;aria-label;;non;
INT-0182;#factures;Invité (démo, propriétaire);desktop-1440;input:search;;Rechercher dans les factures;actif;;balayage C121/C129/C136 ; cité : G3;UX_EVIDENCE/inventaire/desktop-1440__factures.png;MESURÉ + SCÉNARIO;987;42;;aria-label;;;
INT-0183;#factures;Invité (démo, propriétaire);desktop-1440;button;Options;Filtres avancés;actif;;balayage C121/C129/C136 ; cité : G2, G3;UX_EVIDENCE/inventaire/desktop-1440__factures.png;MESURÉ + SCÉNARIO;115;42;;aria-label;;non;
INT-0184;#factures;Invité (démo, propriétaire);desktop-1440;button;Tous les statuts;Filtrer les factures par statut;actif;;balayage C121/C129/C136 ; cité : G2, G7;UX_EVIDENCE/inventaire/desktop-1440__factures.png;MESURÉ + SCÉNARIO;26;34;;aria-label;;non;
INT-0185;#factures;Invité (démo, propriétaire);desktop-1440;button;Toutes 0;Toutes 0;actif;;balayage C121/C129/C136 ; cité : G1, G2, G3, G7;UX_EVIDENCE/inventaire/desktop-1440__factures.png;MESURÉ + SCÉNARIO;79;25;;contenu;;;
INT-0186;#factures;Invité (démo, propriétaire);desktop-1440;button;Non réglées 0;Non réglées 0;actif;;balayage C121/C129/C136 ; cité : G2, G3;UX_EVIDENCE/inventaire/desktop-1440__factures.png;MESURÉ + SCÉNARIO;119;25;;contenu;;;
INT-0187;#factures;Invité (démo, propriétaire);desktop-1440;button;Partielles 0;Partielles 0;actif;;balayage C121/C129/C136 ; cité : G2, G3;UX_EVIDENCE/inventaire/desktop-1440__factures.png;MESURÉ + SCÉNARIO;104;25;;contenu;;;
INT-0188;#factures;Invité (démo, propriétaire);desktop-1440;button;Soldées 0;Soldées 0;actif;;balayage C121/C129/C136 ; cité : G2, G3;UX_EVIDENCE/inventaire/desktop-1440__factures.png;MESURÉ + SCÉNARIO;96;25;;contenu;;;
INT-0189;#factures;Invité (démo, propriétaire);desktop-1440;button;Avoirs 0;Avoirs 0;actif;;balayage C121/C129/C136 ; cité : G2, G3;UX_EVIDENCE/inventaire/desktop-1440__factures.png;MESURÉ + SCÉNARIO;88;25;;contenu;;;
INT-0190;#factures;Invité (démo, propriétaire);desktop-1440;button;Brouillons 0;Brouillons 0;actif;;balayage C121/C129/C136 ; cité : G2, G3;UX_EVIDENCE/inventaire/desktop-1440__factures.png;MESURÉ + SCÉNARIO;109;25;;contenu;;;
INT-0191;#depenses;Invité (démo, propriétaire);desktop-1440;link;Aller au contenu principal;Aller au contenu principal;actif;;balayage C121/C129/C136;UX_EVIDENCE/inventaire/desktop-1440__depenses.png;MESURÉ;1;1;oui;contenu;;;#main-content
INT-0192;#depenses;Invité (démo, propriétaire);desktop-1440;button;;ikadevis - Tableau de bord;actif;;balayage C121/C129/C136;UX_EVIDENCE/inventaire/desktop-1440__depenses.png;MESURÉ;103;32;;aria-label;;;
INT-0193;#depenses;Invité (démo, propriétaire);desktop-1440;input:text;;Recherche globale dans ikadevis;actif;;balayage C121/C129/C136;UX_EVIDENCE/inventaire/desktop-1440__depenses.png;MESURÉ;448;30;;aria-label;;;
INT-0194;#depenses;Invité (démo, propriétaire);desktop-1440;button;Démonstration;État de connexion : Démonstration;actif;;balayage C121/C129/C136;UX_EVIDENCE/inventaire/desktop-1440__depenses.png;MESURÉ;124;26;;aria-label;;;
INT-0195;#depenses;Invité (démo, propriétaire);desktop-1440;button;IKADEVIS BTP;Changer d'organisation;actif;;balayage C121/C129/C136;UX_EVIDENCE/inventaire/desktop-1440__depenses.png;MESURÉ;150;38;;aria-label;;non;
INT-0196;#depenses;Invité (démo, propriétaire);desktop-1440;button;;Paramètres du compte;actif;;balayage C121/C129/C136;UX_EVIDENCE/inventaire/desktop-1440__depenses.png;MESURÉ;40;40;;aria-label;;;
INT-0197;#depenses;Invité (démo, propriétaire);desktop-1440;button;;Menu du profil utilisateur;actif;;balayage C121/C129/C136;UX_EVIDENCE/inventaire/desktop-1440__depenses.png;MESURÉ;55;40;;aria-label;;;
INT-0198;#depenses;Invité (démo, propriétaire);desktop-1440;button;Nouveau devis;Nouveau devis;actif;;balayage C121/C129/C136;UX_EVIDENCE/inventaire/desktop-1440__depenses.png;MESURÉ;234;40;;contenu;;;
INT-0199;#depenses;Invité (démo, propriétaire);desktop-1440;button;Tableau de bord;Tableau de bord;actif;;balayage C121/C129/C136;UX_EVIDENCE/inventaire/desktop-1440__depenses.png;MESURÉ;234;46;;contenu;;;
INT-0200;#depenses;Invité (démo, propriétaire);desktop-1440;button;Chantiers;Chantiers;actif;;balayage C121/C129/C136;UX_EVIDENCE/inventaire/desktop-1440__depenses.png;MESURÉ;234;46;;contenu;;;
INT-0201;#depenses;Invité (démo, propriétaire);desktop-1440;button;Clients;Clients;actif;;balayage C121/C129/C136;UX_EVIDENCE/inventaire/desktop-1440__depenses.png;MESURÉ;234;46;;contenu;;;
INT-0202;#depenses;Invité (démo, propriétaire);desktop-1440;button;Mes devis;Mes devis;actif;;balayage C121/C129/C136;UX_EVIDENCE/inventaire/desktop-1440__depenses.png;MESURÉ;234;46;;contenu;;;
INT-0203;#depenses;Invité (démo, propriétaire);desktop-1440;button;Factures;Factures;actif;;balayage C121/C129/C136;UX_EVIDENCE/inventaire/desktop-1440__depenses.png;MESURÉ;234;46;;contenu;;;
INT-0204;#depenses;Invité (démo, propriétaire);desktop-1440;button;Dépenses;Dépenses;actif;;balayage C121/C129/C136;UX_EVIDENCE/inventaire/desktop-1440__depenses.png;MESURÉ;234;46;;contenu;;;
INT-0205;#depenses;Invité (démo, propriétaire);desktop-1440;button;Ouvrages et ressources;Ouvrages et ressources;actif;;balayage C121/C129/C136;UX_EVIDENCE/inventaire/desktop-1440__depenses.png;MESURÉ;234;46;;contenu;;;
INT-0206;#depenses;Invité (démo, propriétaire);desktop-1440;button;Paramètres;Paramètres du compte;actif;;balayage C121/C129/C136;UX_EVIDENCE/inventaire/desktop-1440__depenses.png;MESURÉ;234;42;;aria-label;;;
INT-0207;#depenses;Invité (démo, propriétaire);desktop-1440;button;Nouvelle dépense;Nouvelle dépense;actif;;balayage C121/C129/C136 ; cité : G2, G3;UX_EVIDENCE/inventaire/desktop-1440__depenses.png;MESURÉ + SCÉNARIO;181;44;;contenu;;;
INT-0208;#depenses;Invité (démo, propriétaire);desktop-1440;button;Rentabilité du chantier · prévu et dépenses réelles;Rentabilité du chantier · prévu et dépenses réelles;actif;;balayage C121/C129/C136;UX_EVIDENCE/inventaire/desktop-1440__depenses.png;MESURÉ;974;64;;contenu;;;
INT-0209;#depenses;Invité (démo, propriétaire);desktop-1440;combobox;;Chantier à analyser;actif;;balayage C121/C129/C136 ; cité : G6;UX_EVIDENCE/inventaire/desktop-1440__depenses.png;MESURÉ + SCÉNARIO;461;47;;aria-label;;;
INT-0210;#depenses;Invité (démo, propriétaire);desktop-1440;combobox;;Devis de référence;désactivé;;balayage C121/C129/C136 ; cité : G6;UX_EVIDENCE/inventaire/desktop-1440__depenses.png;MESURÉ + SCÉNARIO;461;47;;aria-label;;;
INT-0211;#depenses;Invité (démo, propriétaire);desktop-1440;button;Ajouter un compte;Ajouter un compte;actif;;balayage C121/C129/C136 ; cité : G2, G3, G6, suite;UX_EVIDENCE/inventaire/desktop-1440__depenses.png;MESURÉ + SCÉNARIO;168;42;;contenu;;;
INT-0212;#depenses;Invité (démo, propriétaire);desktop-1440;tab;Toutes;Toutes;actif;;balayage C121/C129/C136 ; cité : G1, G2, G3, G4, G5, G6 …;UX_EVIDENCE/inventaire/desktop-1440__depenses.png;MESURÉ + SCÉNARIO;65;30;;contenu;;;
INT-0213;#depenses;Invité (démo, propriétaire);desktop-1440;tab;À payer;À payer;actif;;balayage C121/C129/C136 ; cité : G2, G3, G6, G9, suite;UX_EVIDENCE/inventaire/desktop-1440__depenses.png;MESURÉ + SCÉNARIO;70;30;;contenu;;;
INT-0214;#depenses;Invité (démo, propriétaire);desktop-1440;tab;Payées;Payées;actif;;balayage C121/C129/C136 ; cité : G2, G3;UX_EVIDENCE/inventaire/desktop-1440__depenses.png;MESURÉ + SCÉNARIO;66;30;;contenu;;;
INT-0215;#depenses;Invité (démo, propriétaire);desktop-1440;tab;Avances à rembourser;Avances à rembourser;actif;;balayage C121/C129/C136 ; cité : G3, G6, suite;UX_EVIDENCE/inventaire/desktop-1440__depenses.png;MESURÉ + SCÉNARIO;156;30;;contenu;;;
INT-0216;#depenses;Invité (démo, propriétaire);desktop-1440;input:search;;Rechercher une dépense;actif;;balayage C121/C129/C136 ; cité : G3;UX_EVIDENCE/inventaire/desktop-1440__depenses.png;MESURÉ + SCÉNARIO;976;47;;aria-label;;;
INT-0217;#ouvrages;Invité (démo, propriétaire);desktop-1440;link;Aller au contenu principal;Aller au contenu principal;actif;;balayage C121/C129/C136;UX_EVIDENCE/inventaire/desktop-1440__ouvrages.png;MESURÉ;1;1;oui;contenu;;;#main-content
INT-0218;#ouvrages;Invité (démo, propriétaire);desktop-1440;button;;ikadevis - Tableau de bord;actif;;balayage C121/C129/C136;UX_EVIDENCE/inventaire/desktop-1440__ouvrages.png;MESURÉ;103;32;;aria-label;;;
INT-0219;#ouvrages;Invité (démo, propriétaire);desktop-1440;input:text;;Recherche globale dans ikadevis;actif;;balayage C121/C129/C136;UX_EVIDENCE/inventaire/desktop-1440__ouvrages.png;MESURÉ;448;30;;aria-label;;;
INT-0220;#ouvrages;Invité (démo, propriétaire);desktop-1440;button;Démonstration;État de connexion : Démonstration;actif;;balayage C121/C129/C136;UX_EVIDENCE/inventaire/desktop-1440__ouvrages.png;MESURÉ;124;26;;aria-label;;;
INT-0221;#ouvrages;Invité (démo, propriétaire);desktop-1440;button;IKADEVIS BTP;Changer d'organisation;actif;;balayage C121/C129/C136;UX_EVIDENCE/inventaire/desktop-1440__ouvrages.png;MESURÉ;150;38;;aria-label;;non;
INT-0222;#ouvrages;Invité (démo, propriétaire);desktop-1440;button;;Paramètres du compte;actif;;balayage C121/C129/C136;UX_EVIDENCE/inventaire/desktop-1440__ouvrages.png;MESURÉ;40;40;;aria-label;;;
INT-0223;#ouvrages;Invité (démo, propriétaire);desktop-1440;button;;Menu du profil utilisateur;actif;;balayage C121/C129/C136;UX_EVIDENCE/inventaire/desktop-1440__ouvrages.png;MESURÉ;55;40;;aria-label;;;
INT-0224;#ouvrages;Invité (démo, propriétaire);desktop-1440;button;Nouveau devis;Nouveau devis;actif;;balayage C121/C129/C136;UX_EVIDENCE/inventaire/desktop-1440__ouvrages.png;MESURÉ;234;40;;contenu;;;
INT-0225;#ouvrages;Invité (démo, propriétaire);desktop-1440;button;Tableau de bord;Tableau de bord;actif;;balayage C121/C129/C136;UX_EVIDENCE/inventaire/desktop-1440__ouvrages.png;MESURÉ;234;46;;contenu;;;
INT-0226;#ouvrages;Invité (démo, propriétaire);desktop-1440;button;Chantiers;Chantiers;actif;;balayage C121/C129/C136;UX_EVIDENCE/inventaire/desktop-1440__ouvrages.png;MESURÉ;234;46;;contenu;;;
INT-0227;#ouvrages;Invité (démo, propriétaire);desktop-1440;button;Clients;Clients;actif;;balayage C121/C129/C136;UX_EVIDENCE/inventaire/desktop-1440__ouvrages.png;MESURÉ;234;46;;contenu;;;
INT-0228;#ouvrages;Invité (démo, propriétaire);desktop-1440;button;Mes devis;Mes devis;actif;;balayage C121/C129/C136;UX_EVIDENCE/inventaire/desktop-1440__ouvrages.png;MESURÉ;234;46;;contenu;;;
INT-0229;#ouvrages;Invité (démo, propriétaire);desktop-1440;button;Factures;Factures;actif;;balayage C121/C129/C136;UX_EVIDENCE/inventaire/desktop-1440__ouvrages.png;MESURÉ;234;46;;contenu;;;
INT-0230;#ouvrages;Invité (démo, propriétaire);desktop-1440;button;Dépenses;Dépenses;actif;;balayage C121/C129/C136;UX_EVIDENCE/inventaire/desktop-1440__ouvrages.png;MESURÉ;234;46;;contenu;;;
INT-0231;#ouvrages;Invité (démo, propriétaire);desktop-1440;button;Ouvrages et ressources;Ouvrages et ressources;actif;;balayage C121/C129/C136;UX_EVIDENCE/inventaire/desktop-1440__ouvrages.png;MESURÉ;234;46;;contenu;;;
INT-0232;#ouvrages;Invité (démo, propriétaire);desktop-1440;button;Catalogue;Catalogue;actif;;balayage C121/C129/C136 ; cité : G1, G2, G3, G7, suite, test:audit;UX_EVIDENCE/inventaire/desktop-1440__ouvrages.png;MESURÉ + SCÉNARIO;208;40;;contenu;;;
INT-0233;#ouvrages;Invité (démo, propriétaire);desktop-1440;button;Ressources;Ressources;actif;;balayage C121/C129/C136 ; cité : G1, G2, G3, G4, G6, G7 …;UX_EVIDENCE/inventaire/desktop-1440__ouvrages.png;MESURÉ + SCÉNARIO;208;40;;contenu;;;
INT-0234;#ouvrages;Invité (démo, propriétaire);desktop-1440;button;Paramètres;Paramètres du compte;actif;;balayage C121/C129/C136;UX_EVIDENCE/inventaire/desktop-1440__ouvrages.png;MESURÉ;234;42;;aria-label;;;
INT-0235;#ouvrages;Invité (démo, propriétaire);desktop-1440;button;Nouvel Ouvrage;Créer un nouvel ouvrage au catalogue;actif;;balayage C121/C129/C136;UX_EVIDENCE/inventaire/desktop-1440__ouvrages.png;MESURÉ;150;58;;aria-label;;;
INT-0236;#ouvrages;Invité (démo, propriétaire);desktop-1440;input:text;;Rechercher un ouvrage dans le catalogue;actif;;balayage C121/C129/C136;UX_EVIDENCE/inventaire/desktop-1440__ouvrages.png;MESURÉ;340;34;;aria-label;;;
INT-0237;#ouvrages;Invité (démo, propriétaire);desktop-1440;button;Fouilles en Pleine Masse & Terrassement BTP;Sélectionner l'ouvrage Fouilles en Pleine Masse & Terrassement BTP;actif;;balayage C121/C129/C136;UX_EVIDENCE/inventaire/desktop-1440__ouvrages.png;MESURÉ;176;39;;aria-label;;;
INT-0238;#ouvrages;Invité (démo, propriétaire);desktop-1440;button;;Modifier Fouilles en Pleine Masse & Terrassement BTP;actif;;balayage C121/C129/C136;UX_EVIDENCE/inventaire/desktop-1440__ouvrages.png;MESURÉ;40;40;;aria-label;;;
INT-0239;#ouvrages;Invité (démo, propriétaire);desktop-1440;button;;Dupliquer Fouilles en Pleine Masse & Terrassement BTP;actif;;balayage C121/C129/C136;UX_EVIDENCE/inventaire/desktop-1440__ouvrages.png;MESURÉ;40;40;;aria-label;;;
INT-0240;#ouvrages;Invité (démo, propriétaire);desktop-1440;button;;Supprimer Fouilles en Pleine Masse & Terrassement BTP;actif;;balayage C121/C129/C136;UX_EVIDENCE/inventaire/desktop-1440__ouvrages.png;MESURÉ;40;40;;aria-label;;;
INT-0241;#ouvrages;Invité (démo, propriétaire);desktop-1440;button;Béton Armé pour Fondations, Poteaux & Chaînages;Sélectionner l'ouvrage Béton Armé pour Fondations, Poteaux & Chaînages;actif;;balayage C121/C129/C136;UX_EVIDENCE/inventaire/desktop-1440__ouvrages.png;MESURÉ;176;39;;aria-label;;;
INT-0242;#ouvrages;Invité (démo, propriétaire);desktop-1440;button;;Modifier Béton Armé pour Fondations, Poteaux & Chaînages;actif;;balayage C121/C129/C136;UX_EVIDENCE/inventaire/desktop-1440__ouvrages.png;MESURÉ;40;40;;aria-label;;;
INT-0243;#ouvrages;Invité (démo, propriétaire);desktop-1440;button;;Dupliquer Béton Armé pour Fondations, Poteaux & Chaînages;actif;;balayage C121/C129/C136;UX_EVIDENCE/inventaire/desktop-1440__ouvrages.png;MESURÉ;40;40;;aria-label;;;
INT-0244;#ouvrages;Invité (démo, propriétaire);desktop-1440;button;;Supprimer Béton Armé pour Fondations, Poteaux & Chaînages;actif;;balayage C121/C129/C136;UX_EVIDENCE/inventaire/desktop-1440__ouvrages.png;MESURÉ;40;40;;aria-label;;;
INT-0245;#ouvrages;Invité (démo, propriétaire);desktop-1440;button;Maçonnerie en Murs d’Agglos de 15;Sélectionner l'ouvrage Maçonnerie en Murs d’Agglos de 15;actif;;balayage C121/C129/C136;UX_EVIDENCE/inventaire/desktop-1440__ouvrages.png;MESURÉ;176;39;;aria-label;;;
INT-0246;#ouvrages;Invité (démo, propriétaire);desktop-1440;button;;Modifier Maçonnerie en Murs d’Agglos de 15;actif;;balayage C121/C129/C136;UX_EVIDENCE/inventaire/desktop-1440__ouvrages.png;MESURÉ;40;40;;aria-label;;;
INT-0247;#ouvrages;Invité (démo, propriétaire);desktop-1440;button;;Dupliquer Maçonnerie en Murs d’Agglos de 15;actif;;balayage C121/C129/C136;UX_EVIDENCE/inventaire/desktop-1440__ouvrages.png;MESURÉ;40;40;;aria-label;;;
INT-0248;#ouvrages;Invité (démo, propriétaire);desktop-1440;button;;Supprimer Maçonnerie en Murs d’Agglos de 15;actif;;balayage C121/C129/C136;UX_EVIDENCE/inventaire/desktop-1440__ouvrages.png;MESURÉ;40;40;;aria-label;;;
INT-0249;#ouvrages;Invité (démo, propriétaire);desktop-1440;button;Revêtement Sol en Carrelage Grès Cérame 60x60;Sélectionner l'ouvrage Revêtement Sol en Carrelage Grès Cérame 60x60;actif;;balayage C121/C129/C136;UX_EVIDENCE/inventaire/desktop-1440__ouvrages.png;MESURÉ;176;39;;aria-label;;;
INT-0250;#ouvrages;Invité (démo, propriétaire);desktop-1440;button;;Modifier Revêtement Sol en Carrelage Grès Cérame 60x60;actif;;balayage C121/C129/C136;UX_EVIDENCE/inventaire/desktop-1440__ouvrages.png;MESURÉ;40;40;;aria-label;;;
INT-0251;#ouvrages;Invité (démo, propriétaire);desktop-1440;button;;Dupliquer Revêtement Sol en Carrelage Grès Cérame 60x60;actif;;balayage C121/C129/C136;UX_EVIDENCE/inventaire/desktop-1440__ouvrages.png;MESURÉ;40;40;;aria-label;;;
INT-0252;#ouvrages;Invité (démo, propriétaire);desktop-1440;button;;Supprimer Revêtement Sol en Carrelage Grès Cérame 60x60;actif;;balayage C121/C129/C136;UX_EVIDENCE/inventaire/desktop-1440__ouvrages.png;MESURÉ;40;40;;aria-label;;;
INT-0253;#ouvrages;Invité (démo, propriétaire);desktop-1440;button;Cloison de Distribution Placostil BA13 72/48 avec Laine de Verre;Sélectionner l'ouvrage Cloison de Distribution Placostil BA13 72/48 avec Laine de Verre;actif;;balayage C121/C129/C136;UX_EVIDENCE/inventaire/desktop-1440__ouvrages.png;MESURÉ;176;39;;aria-label;;;
INT-0254;#ouvrages;Invité (démo, propriétaire);desktop-1440;button;;Modifier Cloison de Distribution Placostil BA13 72/48 avec Laine de Verre;actif;;balayage C121/C129/C136;UX_EVIDENCE/inventaire/desktop-1440__ouvrages.png;MESURÉ;40;40;;aria-label;;;
INT-0255;#ouvrages;Invité (démo, propriétaire);desktop-1440;button;;Dupliquer Cloison de Distribution Placostil BA13 72/48 avec Laine de Verre;actif;;balayage C121/C129/C136;UX_EVIDENCE/inventaire/desktop-1440__ouvrages.png;MESURÉ;40;40;;aria-label;;;
INT-0256;#ouvrages;Invité (démo, propriétaire);desktop-1440;button;;Supprimer Cloison de Distribution Placostil BA13 72/48 avec Laine de Verre;actif;;balayage C121/C129/C136;UX_EVIDENCE/inventaire/desktop-1440__ouvrages.png;MESURÉ;40;40;;aria-label;;;
INT-0257;#ouvrages;Invité (démo, propriétaire);desktop-1440;button;Faux-Plafond Suspendu BA13 sur Ossature Métallique F530;Sélectionner l'ouvrage Faux-Plafond Suspendu BA13 sur Ossature Métallique F530;actif;;balayage C121/C129/C136;UX_EVIDENCE/inventaire/desktop-1440__ouvrages.png;MESURÉ;176;39;;aria-label;;;
INT-0258;#ouvrages;Invité (démo, propriétaire);desktop-1440;button;;Modifier Faux-Plafond Suspendu BA13 sur Ossature Métallique F530;actif;;balayage C121/C129/C136;UX_EVIDENCE/inventaire/desktop-1440__ouvrages.png;MESURÉ;40;40;;aria-label;;;
INT-0259;#ouvrages;Invité (démo, propriétaire);desktop-1440;button;;Dupliquer Faux-Plafond Suspendu BA13 sur Ossature Métallique F530;actif;;balayage C121/C129/C136;UX_EVIDENCE/inventaire/desktop-1440__ouvrages.png;MESURÉ;40;40;;aria-label;;;
INT-0260;#ouvrages;Invité (démo, propriétaire);desktop-1440;button;;Supprimer Faux-Plafond Suspendu BA13 sur Ossature Métallique F530;actif;;balayage C121/C129/C136;UX_EVIDENCE/inventaire/desktop-1440__ouvrages.png;MESURÉ;40;40;;aria-label;;;
INT-0261;#ouvrages;Invité (démo, propriétaire);desktop-1440;button;Installation Électrique Basse Tension & Tableaux;Sélectionner l'ouvrage Installation Électrique Basse Tension & Tableaux;actif;;balayage C121/C129/C136;UX_EVIDENCE/inventaire/desktop-1440__ouvrages.png;MESURÉ;176;39;;aria-label;;;
INT-0262;#ouvrages;Invité (démo, propriétaire);desktop-1440;button;;Modifier Installation Électrique Basse Tension & Tableaux;actif;;balayage C121/C129/C136;UX_EVIDENCE/inventaire/desktop-1440__ouvrages.png;MESURÉ;40;40;;aria-label;;;
INT-0263;#ouvrages;Invité (démo, propriétaire);desktop-1440;button;;Dupliquer Installation Électrique Basse Tension & Tableaux;actif;;balayage C121/C129/C136;UX_EVIDENCE/inventaire/desktop-1440__ouvrages.png;MESURÉ;40;40;;aria-label;;;
INT-0264;#ouvrages;Invité (démo, propriétaire);desktop-1440;button;;Supprimer Installation Électrique Basse Tension & Tableaux;actif;;balayage C121/C129/C136;UX_EVIDENCE/inventaire/desktop-1440__ouvrages.png;MESURÉ;40;40;;aria-label;;;
INT-0265;#ouvrages;Invité (démo, propriétaire);desktop-1440;button;Réseau Plomberie Sanitaire Multicouche & Évacuations PVC;Sélectionner l'ouvrage Réseau Plomberie Sanitaire Multicouche & Évacuations PVC;actif;;balayage C121/C129/C136;UX_EVIDENCE/inventaire/desktop-1440__ouvrages.png;MESURÉ;176;39;;aria-label;;;
INT-0266;#ouvrages;Invité (démo, propriétaire);desktop-1440;button;;Modifier Réseau Plomberie Sanitaire Multicouche & Évacuations PVC;actif;;balayage C121/C129/C136;UX_EVIDENCE/inventaire/desktop-1440__ouvrages.png;MESURÉ;40;40;;aria-label;;;
INT-0267;#ouvrages;Invité (démo, propriétaire);desktop-1440;button;;Dupliquer Réseau Plomberie Sanitaire Multicouche & Évacuations PVC;actif;;balayage C121/C129/C136;UX_EVIDENCE/inventaire/desktop-1440__ouvrages.png;MESURÉ;40;40;;aria-label;;;
INT-0268;#ouvrages;Invité (démo, propriétaire);desktop-1440;button;;Supprimer Réseau Plomberie Sanitaire Multicouche & Évacuations PVC;actif;;balayage C121/C129/C136;UX_EVIDENCE/inventaire/desktop-1440__ouvrages.png;MESURÉ;40;40;;aria-label;;;
INT-0269;#ouvrages;Invité (démo, propriétaire);desktop-1440;button;Peinture Murale Satinée BTP;Sélectionner l'ouvrage Peinture Murale Satinée BTP;actif;;balayage C121/C129/C136;UX_EVIDENCE/inventaire/desktop-1440__ouvrages.png;MESURÉ;176;39;;aria-label;;;
INT-0270;#ouvrages;Invité (démo, propriétaire);desktop-1440;button;;Modifier Peinture Murale Satinée BTP;actif;;balayage C121/C129/C136;UX_EVIDENCE/inventaire/desktop-1440__ouvrages.png;MESURÉ;40;40;;aria-label;;;
INT-0271;#ouvrages;Invité (démo, propriétaire);desktop-1440;button;;Dupliquer Peinture Murale Satinée BTP;actif;;balayage C121/C129/C136;UX_EVIDENCE/inventaire/desktop-1440__ouvrages.png;MESURÉ;40;40;;aria-label;;;
INT-0272;#ouvrages;Invité (démo, propriétaire);desktop-1440;button;;Supprimer Peinture Murale Satinée BTP;actif;;balayage C121/C129/C136;UX_EVIDENCE/inventaire/desktop-1440__ouvrages.png;MESURÉ;40;40;;aria-label;;;
INT-0273;#ouvrages;Invité (démo, propriétaire);desktop-1440;button;Enduit Ciment Hydrofuge 2 Passes Extérieur/Intérieur;Sélectionner l'ouvrage Enduit Ciment Hydrofuge 2 Passes Extérieur/Intérieur;actif;;balayage C121/C129/C136;UX_EVIDENCE/inventaire/desktop-1440__ouvrages.png;MESURÉ;176;39;;aria-label;;;
INT-0274;#ouvrages;Invité (démo, propriétaire);desktop-1440;button;;Modifier Enduit Ciment Hydrofuge 2 Passes Extérieur/Intérieur;actif;;balayage C121/C129/C136;UX_EVIDENCE/inventaire/desktop-1440__ouvrages.png;MESURÉ;40;40;;aria-label;;;
INT-0275;#ouvrages;Invité (démo, propriétaire);desktop-1440;button;;Dupliquer Enduit Ciment Hydrofuge 2 Passes Extérieur/Intérieur;actif;;balayage C121/C129/C136;UX_EVIDENCE/inventaire/desktop-1440__ouvrages.png;MESURÉ;40;40;;aria-label;;;
INT-0276;#ouvrages;Invité (démo, propriétaire);desktop-1440;button;;Supprimer Enduit Ciment Hydrofuge 2 Passes Extérieur/Intérieur;actif;;balayage C121/C129/C136;UX_EVIDENCE/inventaire/desktop-1440__ouvrages.png;MESURÉ;40;40;;aria-label;;;
INT-0277;#ouvrages;Invité (démo, propriétaire);desktop-1440;button;Habillage Façade en Panneaux Alucobond / ACM;Sélectionner l'ouvrage Habillage Façade en Panneaux Alucobond / ACM;actif;;balayage C121/C129/C136;UX_EVIDENCE/inventaire/desktop-1440__ouvrages.png;MESURÉ;176;39;;aria-label;;;
INT-0278;#ouvrages;Invité (démo, propriétaire);desktop-1440;button;;Modifier Habillage Façade en Panneaux Alucobond / ACM;actif;;balayage C121/C129/C136;UX_EVIDENCE/inventaire/desktop-1440__ouvrages.png;MESURÉ;40;40;;aria-label;;;
INT-0279;#ouvrages;Invité (démo, propriétaire);desktop-1440;button;;Dupliquer Habillage Façade en Panneaux Alucobond / ACM;actif;;balayage C121/C129/C136;UX_EVIDENCE/inventaire/desktop-1440__ouvrages.png;MESURÉ;40;40;;aria-label;;;
INT-0280;#ouvrages;Invité (démo, propriétaire);desktop-1440;button;;Supprimer Habillage Façade en Panneaux Alucobond / ACM;actif;;balayage C121/C129/C136;UX_EVIDENCE/inventaire/desktop-1440__ouvrages.png;MESURÉ;40;40;;aria-label;;;
INT-0281;#ouvrages;Invité (démo, propriétaire);desktop-1440;button;Menuiserie Aluminium & Baie Vitrée Coulissante;Sélectionner l'ouvrage Menuiserie Aluminium & Baie Vitrée Coulissante;actif;;balayage C121/C129/C136;UX_EVIDENCE/inventaire/desktop-1440__ouvrages.png;MESURÉ;176;39;;aria-label;;;
INT-0282;#ouvrages;Invité (démo, propriétaire);desktop-1440;button;;Modifier Menuiserie Aluminium & Baie Vitrée Coulissante;actif;;balayage C121/C129/C136;UX_EVIDENCE/inventaire/desktop-1440__ouvrages.png;MESURÉ;40;40;;aria-label;;;
INT-0283;#ouvrages;Invité (démo, propriétaire);desktop-1440;button;;Dupliquer Menuiserie Aluminium & Baie Vitrée Coulissante;actif;;balayage C121/C129/C136;UX_EVIDENCE/inventaire/desktop-1440__ouvrages.png;MESURÉ;40;40;;aria-label;;;
INT-0284;#ouvrages;Invité (démo, propriétaire);desktop-1440;button;;Supprimer Menuiserie Aluminium & Baie Vitrée Coulissante;actif;;balayage C121/C129/C136;UX_EVIDENCE/inventaire/desktop-1440__ouvrages.png;MESURÉ;40;40;;aria-label;;;
INT-0285;#ouvrages;Invité (démo, propriétaire);desktop-1440;button;Garde-Corps Métallerie (Plan de Débit 1D);Sélectionner l'ouvrage Garde-Corps Métallerie (Plan de Débit 1D);actif;;balayage C121/C129/C136;UX_EVIDENCE/inventaire/desktop-1440__ouvrages.png;MESURÉ;176;39;;aria-label;;;
INT-0286;#ouvrages;Invité (démo, propriétaire);desktop-1440;button;;Modifier Garde-Corps Métallerie (Plan de Débit 1D);actif;;balayage C121/C129/C136;UX_EVIDENCE/inventaire/desktop-1440__ouvrages.png;MESURÉ;40;40;;aria-label;;;
INT-0287;#ouvrages;Invité (démo, propriétaire);desktop-1440;button;;Dupliquer Garde-Corps Métallerie (Plan de Débit 1D);actif;;balayage C121/C129/C136;UX_EVIDENCE/inventaire/desktop-1440__ouvrages.png;MESURÉ;40;40;;aria-label;;;
INT-0288;#ouvrages;Invité (démo, propriétaire);desktop-1440;button;;Supprimer Garde-Corps Métallerie (Plan de Débit 1D);actif;;balayage C121/C129/C136;UX_EVIDENCE/inventaire/desktop-1440__ouvrages.png;MESURÉ;40;40;;aria-label;;;
INT-0289;#ouvrages;Invité (démo, propriétaire);desktop-1440;button;Dressing Menuiserie sur Mesure (Caissons);Sélectionner l'ouvrage Dressing Menuiserie sur Mesure (Caissons);actif;;balayage C121/C129/C136;UX_EVIDENCE/inventaire/desktop-1440__ouvrages.png;MESURÉ;176;39;;aria-label;;;
INT-0290;#ouvrages;Invité (démo, propriétaire);desktop-1440;button;;Modifier Dressing Menuiserie sur Mesure (Caissons);actif;;balayage C121/C129/C136;UX_EVIDENCE/inventaire/desktop-1440__ouvrages.png;MESURÉ;40;40;;aria-label;;;
INT-0291;#ouvrages;Invité (démo, propriétaire);desktop-1440;button;;Dupliquer Dressing Menuiserie sur Mesure (Caissons);actif;;balayage C121/C129/C136;UX_EVIDENCE/inventaire/desktop-1440__ouvrages.png;MESURÉ;40;40;;aria-label;;;
INT-0292;#ouvrages;Invité (démo, propriétaire);desktop-1440;button;;Supprimer Dressing Menuiserie sur Mesure (Caissons);actif;;balayage C121/C129/C136;UX_EVIDENCE/inventaire/desktop-1440__ouvrages.png;MESURÉ;40;40;;aria-label;;;
INT-0293;#ouvrages;Invité (démo, propriétaire);desktop-1440;button;Panneau avec cadre métallique et autocollant;Sélectionner l'ouvrage Panneau avec cadre métallique et autocollant;actif;;balayage C121/C129/C136;UX_EVIDENCE/inventaire/desktop-1440__ouvrages.png;MESURÉ;176;39;;aria-label;;;
INT-0294;#ouvrages;Invité (démo, propriétaire);desktop-1440;button;;Modifier Panneau avec cadre métallique et autocollant;actif;;balayage C121/C129/C136;UX_EVIDENCE/inventaire/desktop-1440__ouvrages.png;MESURÉ;40;40;;aria-label;;;
INT-0295;#ouvrages;Invité (démo, propriétaire);desktop-1440;button;;Dupliquer Panneau avec cadre métallique et autocollant;actif;;balayage C121/C129/C136;UX_EVIDENCE/inventaire/desktop-1440__ouvrages.png;MESURÉ;40;40;;aria-label;;;
INT-0296;#ouvrages;Invité (démo, propriétaire);desktop-1440;button;;Supprimer Panneau avec cadre métallique et autocollant;actif;;balayage C121/C129/C136;UX_EVIDENCE/inventaire/desktop-1440__ouvrages.png;MESURÉ;40;40;;aria-label;;;
INT-0297;#ouvrages;Invité (démo, propriétaire);desktop-1440;button;Caisson Enseigne Lumineuse LED Double Face;Sélectionner l'ouvrage Caisson Enseigne Lumineuse LED Double Face;actif;;balayage C121/C129/C136 ; cité : G1;UX_EVIDENCE/inventaire/desktop-1440__ouvrages.png;MESURÉ + SCÉNARIO;176;39;;aria-label;;;
INT-0298;#ouvrages;Invité (démo, propriétaire);desktop-1440;button;;Modifier Caisson Enseigne Lumineuse LED Double Face;actif;;balayage C121/C129/C136;UX_EVIDENCE/inventaire/desktop-1440__ouvrages.png;MESURÉ;40;40;;aria-label;;;
INT-0299;#ouvrages;Invité (démo, propriétaire);desktop-1440;button;;Dupliquer Caisson Enseigne Lumineuse LED Double Face;actif;;balayage C121/C129/C136;UX_EVIDENCE/inventaire/desktop-1440__ouvrages.png;MESURÉ;40;40;;aria-label;;;
INT-0300;#ouvrages;Invité (démo, propriétaire);desktop-1440;button;;Supprimer Caisson Enseigne Lumineuse LED Double Face;actif;;balayage C121/C129/C136;UX_EVIDENCE/inventaire/desktop-1440__ouvrages.png;MESURÉ;40;40;;aria-label;;;
INT-0301;#ouvrages;Invité (démo, propriétaire);desktop-1440;button;Lettres Reliefs Découpées Plexiglas Rétroéclairées LED;Sélectionner l'ouvrage Lettres Reliefs Découpées Plexiglas Rétroéclairées LED;actif;;balayage C121/C129/C136;UX_EVIDENCE/inventaire/desktop-1440__ouvrages.png;MESURÉ;176;39;;aria-label;;;
INT-0302;#ouvrages;Invité (démo, propriétaire);desktop-1440;button;;Modifier Lettres Reliefs Découpées Plexiglas Rétroéclairées LED;actif;;balayage C121/C129/C136;UX_EVIDENCE/inventaire/desktop-1440__ouvrages.png;MESURÉ;40;40;;aria-label;;;
INT-0303;#ouvrages;Invité (démo, propriétaire);desktop-1440;button;;Dupliquer Lettres Reliefs Découpées Plexiglas Rétroéclairées LED;actif;;balayage C121/C129/C136;UX_EVIDENCE/inventaire/desktop-1440__ouvrages.png;MESURÉ;40;40;;aria-label;;;
INT-0304;#ouvrages;Invité (démo, propriétaire);desktop-1440;button;;Supprimer Lettres Reliefs Découpées Plexiglas Rétroéclairées LED;actif;;balayage C121/C129/C136;UX_EVIDENCE/inventaire/desktop-1440__ouvrages.png;MESURÉ;40;40;;aria-label;;;
INT-0305;#materiaux;Invité (démo, propriétaire);desktop-1440;link;Aller au contenu principal;Aller au contenu principal;actif;;balayage C121/C129/C136;UX_EVIDENCE/inventaire/desktop-1440__materiaux.png;MESURÉ;1;1;oui;contenu;;;#main-content
INT-0306;#materiaux;Invité (démo, propriétaire);desktop-1440;button;;ikadevis - Tableau de bord;actif;;balayage C121/C129/C136;UX_EVIDENCE/inventaire/desktop-1440__materiaux.png;MESURÉ;103;32;;aria-label;;;
INT-0307;#materiaux;Invité (démo, propriétaire);desktop-1440;input:text;;Recherche globale dans ikadevis;actif;;balayage C121/C129/C136;UX_EVIDENCE/inventaire/desktop-1440__materiaux.png;MESURÉ;448;30;;aria-label;;;
INT-0308;#materiaux;Invité (démo, propriétaire);desktop-1440;button;Démonstration;État de connexion : Démonstration;actif;;balayage C121/C129/C136;UX_EVIDENCE/inventaire/desktop-1440__materiaux.png;MESURÉ;124;26;;aria-label;;;
INT-0309;#materiaux;Invité (démo, propriétaire);desktop-1440;button;IKADEVIS BTP;Changer d'organisation;actif;;balayage C121/C129/C136;UX_EVIDENCE/inventaire/desktop-1440__materiaux.png;MESURÉ;150;38;;aria-label;;non;
INT-0310;#materiaux;Invité (démo, propriétaire);desktop-1440;button;;Paramètres du compte;actif;;balayage C121/C129/C136;UX_EVIDENCE/inventaire/desktop-1440__materiaux.png;MESURÉ;40;40;;aria-label;;;
INT-0311;#materiaux;Invité (démo, propriétaire);desktop-1440;button;;Menu du profil utilisateur;actif;;balayage C121/C129/C136;UX_EVIDENCE/inventaire/desktop-1440__materiaux.png;MESURÉ;55;40;;aria-label;;;
INT-0312;#materiaux;Invité (démo, propriétaire);desktop-1440;button;Nouveau devis;Nouveau devis;actif;;balayage C121/C129/C136;UX_EVIDENCE/inventaire/desktop-1440__materiaux.png;MESURÉ;234;40;;contenu;;;
INT-0313;#materiaux;Invité (démo, propriétaire);desktop-1440;button;Tableau de bord;Tableau de bord;actif;;balayage C121/C129/C136;UX_EVIDENCE/inventaire/desktop-1440__materiaux.png;MESURÉ;234;46;;contenu;;;
INT-0314;#materiaux;Invité (démo, propriétaire);desktop-1440;button;Chantiers;Chantiers;actif;;balayage C121/C129/C136;UX_EVIDENCE/inventaire/desktop-1440__materiaux.png;MESURÉ;234;46;;contenu;;;
INT-0315;#materiaux;Invité (démo, propriétaire);desktop-1440;button;Clients;Clients;actif;;balayage C121/C129/C136;UX_EVIDENCE/inventaire/desktop-1440__materiaux.png;MESURÉ;234;46;;contenu;;;
INT-0316;#materiaux;Invité (démo, propriétaire);desktop-1440;button;Mes devis;Mes devis;actif;;balayage C121/C129/C136;UX_EVIDENCE/inventaire/desktop-1440__materiaux.png;MESURÉ;234;46;;contenu;;;
INT-0317;#materiaux;Invité (démo, propriétaire);desktop-1440;button;Factures;Factures;actif;;balayage C121/C129/C136;UX_EVIDENCE/inventaire/desktop-1440__materiaux.png;MESURÉ;234;46;;contenu;;;
INT-0318;#materiaux;Invité (démo, propriétaire);desktop-1440;button;Dépenses;Dépenses;actif;;balayage C121/C129/C136;UX_EVIDENCE/inventaire/desktop-1440__materiaux.png;MESURÉ;234;46;;contenu;;;
INT-0319;#materiaux;Invité (démo, propriétaire);desktop-1440;button;Ouvrages et ressources;Ouvrages et ressources;actif;;balayage C121/C129/C136;UX_EVIDENCE/inventaire/desktop-1440__materiaux.png;MESURÉ;234;46;;contenu;;;
INT-0320;#materiaux;Invité (démo, propriétaire);desktop-1440;button;Catalogue;Catalogue;actif;;balayage C121/C129/C136 ; cité : G1, G2, G3, G7, suite, test:audit;UX_EVIDENCE/inventaire/desktop-1440__materiaux.png;MESURÉ + SCÉNARIO;208;40;;contenu;;;
INT-0321;#materiaux;Invité (démo, propriétaire);desktop-1440;button;Ressources;Ressources;actif;;balayage C121/C129/C136 ; cité : G1, G2, G3, G4, G6, G7 …;UX_EVIDENCE/inventaire/desktop-1440__materiaux.png;MESURÉ + SCÉNARIO;208;40;;contenu;;;
INT-0322;#materiaux;Invité (démo, propriétaire);desktop-1440;button;Paramètres;Paramètres du compte;actif;;balayage C121/C129/C136;UX_EVIDENCE/inventaire/desktop-1440__materiaux.png;MESURÉ;234;42;;aria-label;;;
INT-0323;#materiaux;Invité (démo, propriétaire);desktop-1440;button;Matières (32);Voir la liste des matières premières;actif;;balayage C121/C129/C136;UX_EVIDENCE/inventaire/desktop-1440__materiaux.png;MESURÉ;177;36;;aria-label;;non;
INT-0324;#materiaux;Invité (démo, propriétaire);desktop-1440;button;Main-d'œuvre (19);Voir la liste de la main-d'œuvre;actif;;balayage C121/C129/C136;UX_EVIDENCE/inventaire/desktop-1440__materiaux.png;MESURÉ;177;36;;aria-label;;non;
INT-0325;#materiaux;Invité (démo, propriétaire);desktop-1440;button;Importer CSV;Importer un fichier CSV;actif;;balayage C121/C129/C136;UX_EVIDENCE/inventaire/desktop-1440__materiaux.png;MESURÉ;186;42;;aria-label;;non;
INT-0326;#materiaux;Invité (démo, propriétaire);desktop-1440;button;Export;Exporter au format CSV;actif;;balayage C121/C129/C136 ; cité : G9;UX_EVIDENCE/inventaire/desktop-1440__materiaux.png;MESURÉ + SCÉNARIO;186;42;;aria-label;;;
INT-0327;#materiaux;Invité (démo, propriétaire);desktop-1440;button;Nouvelle Matière;Ajouter une nouvelle matière;actif;;balayage C121/C129/C136 ; cité : G2, G3;UX_EVIDENCE/inventaire/desktop-1440__materiaux.png;MESURÉ + SCÉNARIO;380;45;;aria-label;;;
INT-0328;#materiaux;Invité (démo, propriétaire);desktop-1440;input:search;;Rechercher dans les ressources;actif;;balayage C121/C129/C136;UX_EVIDENCE/inventaire/desktop-1440__materiaux.png;MESURÉ;380;42;;aria-label;;;
INT-0329;#materiaux;Invité (démo, propriétaire);desktop-1440;button;Tube carré acier 25x25 (Cadres & Renforts) Fer 9 000 FCFA;Sélectionner Tube carré acier 25x25 (Cadres & Renforts);actif;;balayage C121/C129/C136;UX_EVIDENCE/inventaire/desktop-1440__materiaux.png;MESURÉ;376;69;;aria-label;;;
INT-0330;#materiaux;Invité (démo, propriétaire);desktop-1440;button;Autocollant imprimé VINYL HD Lamination Impression 5 000 FCFA;Sélectionner Autocollant imprimé VINYL HD Lamination;actif;;balayage C121/C129/C136;UX_EVIDENCE/inventaire/desktop-1440__materiaux.png;MESURÉ;376;69;;aria-label;;non;
INT-0331;#materiaux;Invité (démo, propriétaire);desktop-1440;button;Plaque de fond tôle galvanisée 10/10e Support 21 000 FCFA;Sélectionner Plaque de fond tôle galvanisée 10/10e;actif;;balayage C121/C129/C136;UX_EVIDENCE/inventaire/desktop-1440__materiaux.png;MESURÉ;376;69;;aria-label;;non;
INT-0332;#materiaux;Invité (démo, propriétaire);desktop-1440;button;Plaque Alucobond 4mm PVDF Extérieur Support 65 000 FCFA;Sélectionner Plaque Alucobond 4mm PVDF Extérieur;actif;;balayage C121/C129/C136 ; cité : G1;UX_EVIDENCE/inventaire/desktop-1440__materiaux.png;MESURÉ + SCÉNARIO;376;69;;aria-label;;non;
INT-0333;#materiaux;Invité (démo, propriétaire);desktop-1440;button;Peinture Murale Satinée Lessivable Peinture 45 000 FCFA;Sélectionner Peinture Murale Satinée Lessivable;actif;;balayage C121/C129/C136;UX_EVIDENCE/inventaire/desktop-1440__materiaux.png;MESURÉ;376;69;;aria-label;;non;
INT-0334;#materiaux;Invité (démo, propriétaire);desktop-1440;button;Béton prêt à l’emploi B25 dosé 350 kg/m³ BTP 85 000 FCFA;Sélectionner Béton prêt à l’emploi B25 dosé 350 kg/m³;actif;;balayage C121/C129/C136;UX_EVIDENCE/inventaire/desktop-1440__materiaux.png;MESURÉ;376;69;;aria-label;;;
INT-0335;#materiaux;Invité (démo, propriétaire);desktop-1440;button;Aciers Haute Adhérence FeE500 (HA 8 à 16) BTP 7 500 FCFA;Sélectionner Aciers Haute Adhérence FeE500 (HA 8 à 16);actif;;balayage C121/C129/C136;UX_EVIDENCE/inventaire/desktop-1440__materiaux.png;MESURÉ;376;69;;aria-label;;;
INT-0336;#materiaux;Invité (démo, propriétaire);desktop-1440;button;Agglos creux de 15x20x40 standard BTP 350 FCFA;Sélectionner Agglos creux de 15x20x40 standard;actif;;balayage C121/C129/C136;UX_EVIDENCE/inventaire/desktop-1440__materiaux.png;MESURÉ;376;69;;aria-label;;non;
INT-0337;#materiaux;Invité (démo, propriétaire);desktop-1440;button;Ciment CPJ 42.5 pour mortier de pose BTP 4 800 FCFA;Sélectionner Ciment CPJ 42.5 pour mortier de pose;actif;;balayage C121/C129/C136;UX_EVIDENCE/inventaire/desktop-1440__materiaux.png;MESURÉ;376;69;;aria-label;;non;
INT-0338;#materiaux;Invité (démo, propriétaire);desktop-1440;button;Carrelage Grès Cérame 60x60 Poli Rectifié Revêtement 13 000 FCFA;Sélectionner Carrelage Grès Cérame 60x60 Poli Rectifié;actif;;balayage C121/C129/C136;UX_EVIDENCE/inventaire/desktop-1440__materiaux.png;MESURÉ;376;69;;aria-label;;;
INT-0339;#materiaux;Invité (démo, propriétaire);desktop-1440;button;Colle carrelage C2TE & Joint hydrofuge Revêtement 5 500 FCFA;Sélectionner Colle carrelage C2TE & Joint hydrofuge;actif;;balayage C121/C129/C136;UX_EVIDENCE/inventaire/desktop-1440__materiaux.png;MESURÉ;376;69;;aria-label;;non;
INT-0340;#materiaux;Invité (démo, propriétaire);desktop-1440;button;Profilé Aluminium thermolaqué noir/blanc Menuiserie 18 000 FCFA;Sélectionner Profilé Aluminium thermolaqué noir/blanc;actif;;balayage C121/C129/C136;UX_EVIDENCE/inventaire/desktop-1440__materiaux.png;MESURÉ;376;69;;aria-label;;;
INT-0341;#materiaux;Invité (démo, propriétaire);desktop-1440;button;Vitrage feuilleté de sécurité 44.2 Menuiserie 28 000 FCFA;Sélectionner Vitrage feuilleté de sécurité 44.2;actif;;balayage C121/C129/C136;UX_EVIDENCE/inventaire/desktop-1440__materiaux.png;MESURÉ;376;69;;aria-label;;non;
INT-0342;#materiaux;Invité (démo, propriétaire);desktop-1440;button;Modules LED étanches IP67 1.2W Grand Angle Électricité 650 FCFA;Sélectionner Modules LED étanches IP67 1.2W Grand Angle;actif;;balayage C121/C129/C136;UX_EVIDENCE/inventaire/desktop-1440__materiaux.png;MESURÉ;376;69;;aria-label;;;
INT-0343;#materiaux;Invité (démo, propriétaire);desktop-1440;button;Alimentation étanche LED MeanWell 12V 200W Électricité 24 000 FCFA;Sélectionner Alimentation étanche LED MeanWell 12V 200W;actif;;balayage C121/C129/C136;UX_EVIDENCE/inventaire/desktop-1440__materiaux.png;MESURÉ;376;69;;aria-label;;;
INT-0344;#materiaux;Invité (démo, propriétaire);desktop-1440;button;Plaque Plexiglas Acrylique Diffusant 3mm Support 36 000 FCFA;Sélectionner Plaque Plexiglas Acrylique Diffusant 3mm;actif;;balayage C121/C129/C136;UX_EVIDENCE/inventaire/desktop-1440__materiaux.png;MESURÉ;376;69;;aria-label;;;
INT-0345;#materiaux;Invité (démo, propriétaire);desktop-1440;button;Bâche PVC 510g M1 Anti-reflet HD Impression 4 500 FCFA;Sélectionner Bâche PVC 510g M1 Anti-reflet HD;actif;;balayage C121/C129/C136;UX_EVIDENCE/inventaire/desktop-1440__materiaux.png;MESURÉ;376;69;;aria-label;;non;
INT-0346;#materiaux;Invité (démo, propriétaire);desktop-1440;button;Tube carré galvanisé 40x40 Ossature Façade Fer 15 000 FCFA;Sélectionner Tube carré galvanisé 40x40 Ossature Façade;actif;;balayage C121/C129/C136;UX_EVIDENCE/inventaire/desktop-1440__materiaux.png;MESURÉ;376;69;;aria-label;;;
INT-0347;#materiaux;Invité (démo, propriétaire);desktop-1440;button;Chevilles chimiques & Fixations M10 Quincaillerie 1 500 FCFA;Sélectionner Chevilles chimiques & Fixations M10;actif;;balayage C121/C129/C136;UX_EVIDENCE/inventaire/desktop-1440__materiaux.png;MESURÉ;376;69;;aria-label;;non;
INT-0348;#materiaux;Invité (démo, propriétaire);desktop-1440;button;Plaque de plâtre BA13 standard 2.50m x 1.20m Plâtrerie 6 500 FCFA;Sélectionner Plaque de plâtre BA13 standard 2.50m x 1.20m;actif;;balayage C121/C129/C136;UX_EVIDENCE/inventaire/desktop-1440__materiaux.png;MESURÉ;376;69;;aria-label;;;
INT-0349;#materiaux;Invité (démo, propriétaire);desktop-1440;button;Ossature métallique Rails R48 & Montants M48 Plâtrerie 2 800 FCFA;Sélectionner Ossature métallique Rails R48 & Montants M48;actif;;balayage C121/C129/C136;UX_EVIDENCE/inventaire/desktop-1440__materiaux.png;MESURÉ;376;69;;aria-label;;;
INT-0350;#materiaux;Invité (démo, propriétaire);desktop-1440;button;Laine de verre acoustique et thermique 45mm Isolation 25 000 FCFA;Sélectionner Laine de verre acoustique et thermique 45mm;actif;;balayage C121/C129/C136;UX_EVIDENCE/inventaire/desktop-1440__materiaux.png;MESURÉ;376;69;;aria-label;;;
INT-0351;#materiaux;Invité (démo, propriétaire);desktop-1440;button;Enduit à joint et bande microperforée Plâtrerie 8 500 FCFA;Sélectionner Enduit à joint et bande microperforée;actif;;balayage C121/C129/C136;UX_EVIDENCE/inventaire/desktop-1440__materiaux.png;MESURÉ;376;69;;aria-label;;non;
INT-0352;#materiaux;Invité (démo, propriétaire);desktop-1440;button;Tube multicouche gainé Ø16/20 pour eau chaude/froide Plomberie 45 000 FCFA;Sélectionner Tube multicouche gainé Ø16/20 pour eau chaude/froide;actif;;balayage C121/C129/C136;UX_EVIDENCE/inventaire/desktop-1440__materiaux.png;MESURÉ;376;69;;aria-label;;;
INT-0353;#materiaux;Invité (démo, propriétaire);desktop-1440;button;Tube PVC évacuation sanitaire Ø40/Ø100 Plomberie 6 500 FCFA;Sélectionner Tube PVC évacuation sanitaire Ø40/Ø100;actif;;balayage C121/C129/C136;UX_EVIDENCE/inventaire/desktop-1440__materiaux.png;MESURÉ;376;69;;aria-label;;non;
INT-0354;#materiaux;Invité (démo, propriétaire);desktop-1440;button;Câble cuivre d’alimentation R2V 3G2.5mm² Électricité 55 000 FCFA;Sélectionner Câble cuivre d’alimentation R2V 3G2.5mm²;actif;;balayage C121/C129/C136;UX_EVIDENCE/inventaire/desktop-1440__materiaux.png;MESURÉ;376;69;;aria-label;;;
INT-0355;#materiaux;Invité (démo, propriétaire);desktop-1440;button;Disjoncteur divisionnaire 16A/20A Phase+Neutre Électricité 4 500 FCFA;Sélectionner Disjoncteur divisionnaire 16A/20A Phase+Neutre;actif;;balayage C121/C129/C136;UX_EVIDENCE/inventaire/desktop-1440__materiaux.png;MESURÉ;376;69;;aria-label;;;
INT-0356;#materiaux;Invité (démo, propriétaire);desktop-1440;button;Mortier d’enduit ciment hydrofuge prêt à gâcher BTP 3 800 FCFA;Sélectionner Mortier d’enduit ciment hydrofuge prêt à gâcher;actif;;balayage C121/C129/C136;UX_EVIDENCE/inventaire/desktop-1440__materiaux.png;MESURÉ;376;69;;aria-label;;;
INT-0357;#materiaux;Invité (démo, propriétaire);desktop-1440;button;Panneau Mélaminé 18mm Hydrofuge (Plaque 6m²) Menuiserie 45 000 FCFA;Sélectionner Panneau Mélaminé 18mm Hydrofuge (Plaque 6m²);actif;;balayage C121/C129/C136;UX_EVIDENCE/inventaire/desktop-1440__materiaux.png;MESURÉ;376;69;;aria-label;;;
INT-0358;#materiaux;Invité (démo, propriétaire);desktop-1440;button;Tube carré acier 25x25 (Débit précis, Barre 6m) Fer 9 000 FCFA;Sélectionner Tube carré acier 25x25 (Débit précis, Barre 6m);actif;;balayage C121/C129/C136;UX_EVIDENCE/inventaire/desktop-1440__materiaux.png;MESURÉ;376;69;;aria-label;;;
INT-0359;#materiaux;Invité (démo, propriétaire);desktop-1440;button;Plaque Alucobond 4mm PVDF Extérieur (Calepinage précis) Support 65 000 FCFA;Sélectionner Plaque Alucobond 4mm PVDF Extérieur (Calepinage précis);actif;;balayage C121/C129/C136 ; cité : G1;UX_EVIDENCE/inventaire/desktop-1440__materiaux.png;MESURÉ + SCÉNARIO;376;69;;aria-label;;;
INT-0360;#materiaux;Invité (démo, propriétaire);desktop-1440;button;Plaque Plexiglas Acrylique Diffusant 3mm (Calepinage précis) Support 36 000 FCFA;Sélectionner Plaque Plexiglas Acrylique Diffusant 3mm (Calepinage précis);actif;;balayage C121/C129/C136;UX_EVIDENCE/inventaire/desktop-1440__materiaux.png;MESURÉ;376;69;;aria-label;;;
INT-0361;#abonnement;Invité (démo, propriétaire);desktop-1440;link;Aller au contenu principal;Aller au contenu principal;actif;;balayage C121/C129/C136;UX_EVIDENCE/inventaire/desktop-1440__abonnement.png;MESURÉ;1;1;oui;contenu;;;#main-content
INT-0362;#abonnement;Invité (démo, propriétaire);desktop-1440;button;;ikadevis - Tableau de bord;actif;;balayage C121/C129/C136;UX_EVIDENCE/inventaire/desktop-1440__abonnement.png;MESURÉ;103;32;;aria-label;;;
INT-0363;#abonnement;Invité (démo, propriétaire);desktop-1440;input:text;;Recherche globale dans ikadevis;actif;;balayage C121/C129/C136;UX_EVIDENCE/inventaire/desktop-1440__abonnement.png;MESURÉ;448;30;;aria-label;;;
INT-0364;#abonnement;Invité (démo, propriétaire);desktop-1440;button;Démonstration;État de connexion : Démonstration;actif;;balayage C121/C129/C136;UX_EVIDENCE/inventaire/desktop-1440__abonnement.png;MESURÉ;124;26;;aria-label;;;
INT-0365;#abonnement;Invité (démo, propriétaire);desktop-1440;button;IKADEVIS BTP;Changer d'organisation;actif;;balayage C121/C129/C136;UX_EVIDENCE/inventaire/desktop-1440__abonnement.png;MESURÉ;150;38;;aria-label;;non;
INT-0366;#abonnement;Invité (démo, propriétaire);desktop-1440;button;;Paramètres du compte;actif;;balayage C121/C129/C136;UX_EVIDENCE/inventaire/desktop-1440__abonnement.png;MESURÉ;40;40;;aria-label;;;
INT-0367;#abonnement;Invité (démo, propriétaire);desktop-1440;button;;Menu du profil utilisateur;actif;;balayage C121/C129/C136;UX_EVIDENCE/inventaire/desktop-1440__abonnement.png;MESURÉ;55;40;;aria-label;;;
INT-0368;#abonnement;Invité (démo, propriétaire);desktop-1440;button;Nouveau devis;Nouveau devis;actif;;balayage C121/C129/C136;UX_EVIDENCE/inventaire/desktop-1440__abonnement.png;MESURÉ;234;40;;contenu;;;
INT-0369;#abonnement;Invité (démo, propriétaire);desktop-1440;button;Tableau de bord;Tableau de bord;actif;;balayage C121/C129/C136;UX_EVIDENCE/inventaire/desktop-1440__abonnement.png;MESURÉ;234;46;;contenu;;;
INT-0370;#abonnement;Invité (démo, propriétaire);desktop-1440;button;Chantiers;Chantiers;actif;;balayage C121/C129/C136;UX_EVIDENCE/inventaire/desktop-1440__abonnement.png;MESURÉ;234;46;;contenu;;;
INT-0371;#abonnement;Invité (démo, propriétaire);desktop-1440;button;Clients;Clients;actif;;balayage C121/C129/C136;UX_EVIDENCE/inventaire/desktop-1440__abonnement.png;MESURÉ;234;46;;contenu;;;
INT-0372;#abonnement;Invité (démo, propriétaire);desktop-1440;button;Mes devis;Mes devis;actif;;balayage C121/C129/C136;UX_EVIDENCE/inventaire/desktop-1440__abonnement.png;MESURÉ;234;46;;contenu;;;
INT-0373;#abonnement;Invité (démo, propriétaire);desktop-1440;button;Factures;Factures;actif;;balayage C121/C129/C136;UX_EVIDENCE/inventaire/desktop-1440__abonnement.png;MESURÉ;234;46;;contenu;;;
INT-0374;#abonnement;Invité (démo, propriétaire);desktop-1440;button;Dépenses;Dépenses;actif;;balayage C121/C129/C136;UX_EVIDENCE/inventaire/desktop-1440__abonnement.png;MESURÉ;234;46;;contenu;;;
INT-0375;#abonnement;Invité (démo, propriétaire);desktop-1440;button;Ouvrages et ressources;Ouvrages et ressources;actif;;balayage C121/C129/C136;UX_EVIDENCE/inventaire/desktop-1440__abonnement.png;MESURÉ;234;46;;contenu;;;
INT-0376;#abonnement;Invité (démo, propriétaire);desktop-1440;button;Catalogue;Catalogue;actif;;balayage C121/C129/C136 ; cité : G1, G2, G3, G7, suite, test:audit;UX_EVIDENCE/inventaire/desktop-1440__abonnement.png;MESURÉ + SCÉNARIO;208;40;;contenu;;;
INT-0377;#abonnement;Invité (démo, propriétaire);desktop-1440;button;Ressources;Ressources;actif;;balayage C121/C129/C136 ; cité : G1, G2, G3, G4, G6, G7 …;UX_EVIDENCE/inventaire/desktop-1440__abonnement.png;MESURÉ + SCÉNARIO;208;40;;contenu;;;
INT-0378;#abonnement;Invité (démo, propriétaire);desktop-1440;button;Paramètres;Paramètres du compte;actif;;balayage C121/C129/C136;UX_EVIDENCE/inventaire/desktop-1440__abonnement.png;MESURÉ;234;42;;aria-label;;;
INT-0379;#abonnement;Invité (démo, propriétaire);desktop-1440;button;Retour à l’application;Retourner au tableau de bord;actif;;balayage C121/C129/C136;UX_EVIDENCE/inventaire/desktop-1440__abonnement.png;MESURÉ;206;46;;aria-label;;non;
INT-0380;#abonnement;Invité (démo, propriétaire);desktop-1440;button;Entreprise Identité et coordonnées;Entreprise Identité et coordonnées;actif;;balayage C121/C129/C136;UX_EVIDENCE/inventaire/desktop-1440__abonnement.png;MESURÉ;207;52;;contenu;;;
INT-0381;#abonnement;Invité (démo, propriétaire);desktop-1440;button;Documents & PDF Logo, TVA et modèles;Documents & PDF Logo, TVA et modèles;actif;;balayage C121/C129/C136;UX_EVIDENCE/inventaire/desktop-1440__abonnement.png;MESURÉ;207;52;;contenu;;;
INT-0382;#abonnement;Invité (démo, propriétaire);desktop-1440;button;Facturation & envoi Banque, acomptes et messages;Facturation & envoi Banque, acomptes et messages;actif;;balayage C121/C129/C136;UX_EVIDENCE/inventaire/desktop-1440__abonnement.png;MESURÉ;207;52;;contenu;;;
INT-0383;#abonnement;Invité (démo, propriétaire);desktop-1440;button;Finances Comptes, devises, taxes;Finances Comptes, devises, taxes;actif;;balayage C121/C129/C136;UX_EVIDENCE/inventaire/desktop-1440__abonnement.png;MESURÉ;207;52;;contenu;;;
INT-0384;#abonnement;Invité (démo, propriétaire);desktop-1440;button;Abonnement & Licence Formules, équipe et paiements;Abonnement & Licence Formules, équipe et paiements;actif;;balayage C121/C129/C136;UX_EVIDENCE/inventaire/desktop-1440__abonnement.png;MESURÉ;207;52;;contenu;;;
INT-0385;#abonnement;Invité (démo, propriétaire);desktop-1440;button;Équipe Membres et rôles;Équipe Membres et rôles;actif;;balayage C121/C129/C136;UX_EVIDENCE/inventaire/desktop-1440__abonnement.png;MESURÉ;207;52;;contenu;;;
INT-0386;#abonnement;Invité (démo, propriétaire);desktop-1440;button;Audit & sécurité Historique des actions;Audit & sécurité Historique des actions;actif;;balayage C121/C129/C136;UX_EVIDENCE/inventaire/desktop-1440__abonnement.png;MESURÉ;207;52;;contenu;;;
INT-0387;#abonnement;Invité (démo, propriétaire);desktop-1440;button;Diagnostic État du système & sync;Diagnostic État du système & sync;actif;;balayage C121/C129/C136;UX_EVIDENCE/inventaire/desktop-1440__abonnement.png;MESURÉ;207;52;;contenu;;;
INT-0388;#abonnement;Invité (démo, propriétaire);desktop-1440;button;Données locales Copie et réinitialisation;Données locales Copie et réinitialisation;actif;;balayage C121/C129/C136;UX_EVIDENCE/inventaire/desktop-1440__abonnement.png;MESURÉ;207;52;;contenu;;;
INT-0389;#abonnement;Invité (démo, propriétaire);desktop-1440;button;Mensuel;Mensuel;actif;;balayage C121/C129/C136 ; cité : G5;UX_EVIDENCE/inventaire/desktop-1440__abonnement.png;MESURÉ + SCÉNARIO;73;40;;contenu;;;
INT-0390;#abonnement;Invité (démo, propriétaire);desktop-1440;button;Annuel −20 %;Annuel −20 %;actif;;balayage C121/C129/C136;UX_EVIDENCE/inventaire/desktop-1440__abonnement.png;MESURÉ;101;40;;contenu;;;
INT-0391;#abonnement;Invité (démo, propriétaire);desktop-1440;button;Votre formule actuelle;Votre formule actuelle;désactivé;;balayage C121/C129/C136 ; cité : G2;UX_EVIDENCE/inventaire/desktop-1440__abonnement.png;MESURÉ + SCÉNARIO;231;44;;contenu;;;
INT-0392;#abonnement;Invité (démo, propriétaire);desktop-1440;button;Choisir Standard;Choisir Standard;actif;;balayage C121/C129/C136;UX_EVIDENCE/inventaire/desktop-1440__abonnement.png;MESURÉ;231;44;;contenu;;;
INT-0393;#abonnement;Invité (démo, propriétaire);desktop-1440;button;Choisir Entreprise;Choisir Entreprise;actif;;balayage C121/C129/C136;UX_EVIDENCE/inventaire/desktop-1440__abonnement.png;MESURÉ;231;44;;contenu;;;
INT-0394;#abonnement;Invité (démo, propriétaire);desktop-1440;button;Retour à l’application;Retourner à l'application;actif;;balayage C121/C129/C136 ; cité : G2, G6;UX_EVIDENCE/inventaire/desktop-1440__abonnement.png;MESURÉ + SCÉNARIO;212;46;;aria-label;;non;
INT-0395;#settings/entreprise;Invité (démo, propriétaire);desktop-1440;link;Aller au contenu principal;Aller au contenu principal;actif;;balayage C121/C129/C136;UX_EVIDENCE/inventaire/desktop-1440__settings_entreprise.png;MESURÉ;1;1;oui;contenu;;;#main-content
INT-0396;#settings/entreprise;Invité (démo, propriétaire);desktop-1440;button;;ikadevis - Tableau de bord;actif;;balayage C121/C129/C136;UX_EVIDENCE/inventaire/desktop-1440__settings_entreprise.png;MESURÉ;103;32;;aria-label;;;
INT-0397;#settings/entreprise;Invité (démo, propriétaire);desktop-1440;input:text;;Recherche globale dans ikadevis;actif;;balayage C121/C129/C136;UX_EVIDENCE/inventaire/desktop-1440__settings_entreprise.png;MESURÉ;448;30;;aria-label;;;
INT-0398;#settings/entreprise;Invité (démo, propriétaire);desktop-1440;button;Démonstration;État de connexion : Démonstration;actif;;balayage C121/C129/C136;UX_EVIDENCE/inventaire/desktop-1440__settings_entreprise.png;MESURÉ;124;26;;aria-label;;;
INT-0399;#settings/entreprise;Invité (démo, propriétaire);desktop-1440;button;IKADEVIS BTP;Changer d'organisation;actif;;balayage C121/C129/C136;UX_EVIDENCE/inventaire/desktop-1440__settings_entreprise.png;MESURÉ;150;38;;aria-label;;non;
INT-0400;#settings/entreprise;Invité (démo, propriétaire);desktop-1440;button;;Paramètres du compte;actif;;balayage C121/C129/C136;UX_EVIDENCE/inventaire/desktop-1440__settings_entreprise.png;MESURÉ;40;40;;aria-label;;;
INT-0401;#settings/entreprise;Invité (démo, propriétaire);desktop-1440;button;;Menu du profil utilisateur;actif;;balayage C121/C129/C136;UX_EVIDENCE/inventaire/desktop-1440__settings_entreprise.png;MESURÉ;55;40;;aria-label;;;
INT-0402;#settings/entreprise;Invité (démo, propriétaire);desktop-1440;button;Nouveau devis;Nouveau devis;actif;;balayage C121/C129/C136;UX_EVIDENCE/inventaire/desktop-1440__settings_entreprise.png;MESURÉ;234;40;;contenu;;;
INT-0403;#settings/entreprise;Invité (démo, propriétaire);desktop-1440;button;Tableau de bord;Tableau de bord;actif;;balayage C121/C129/C136;UX_EVIDENCE/inventaire/desktop-1440__settings_entreprise.png;MESURÉ;234;46;;contenu;;;
INT-0404;#settings/entreprise;Invité (démo, propriétaire);desktop-1440;button;Chantiers;Chantiers;actif;;balayage C121/C129/C136;UX_EVIDENCE/inventaire/desktop-1440__settings_entreprise.png;MESURÉ;234;46;;contenu;;;
INT-0405;#settings/entreprise;Invité (démo, propriétaire);desktop-1440;button;Clients;Clients;actif;;balayage C121/C129/C136;UX_EVIDENCE/inventaire/desktop-1440__settings_entreprise.png;MESURÉ;234;46;;contenu;;;
INT-0406;#settings/entreprise;Invité (démo, propriétaire);desktop-1440;button;Mes devis;Mes devis;actif;;balayage C121/C129/C136;UX_EVIDENCE/inventaire/desktop-1440__settings_entreprise.png;MESURÉ;234;46;;contenu;;;
INT-0407;#settings/entreprise;Invité (démo, propriétaire);desktop-1440;button;Factures;Factures;actif;;balayage C121/C129/C136;UX_EVIDENCE/inventaire/desktop-1440__settings_entreprise.png;MESURÉ;234;46;;contenu;;;
INT-0408;#settings/entreprise;Invité (démo, propriétaire);desktop-1440;button;Dépenses;Dépenses;actif;;balayage C121/C129/C136;UX_EVIDENCE/inventaire/desktop-1440__settings_entreprise.png;MESURÉ;234;46;;contenu;;;
INT-0409;#settings/entreprise;Invité (démo, propriétaire);desktop-1440;button;Ouvrages et ressources;Ouvrages et ressources;actif;;balayage C121/C129/C136;UX_EVIDENCE/inventaire/desktop-1440__settings_entreprise.png;MESURÉ;234;46;;contenu;;;
INT-0410;#settings/entreprise;Invité (démo, propriétaire);desktop-1440;button;Catalogue;Catalogue;actif;;balayage C121/C129/C136 ; cité : G1, G2, G3, G7, suite, test:audit;UX_EVIDENCE/inventaire/desktop-1440__settings_entreprise.png;MESURÉ + SCÉNARIO;208;40;;contenu;;;
INT-0411;#settings/entreprise;Invité (démo, propriétaire);desktop-1440;button;Ressources;Ressources;actif;;balayage C121/C129/C136 ; cité : G1, G2, G3, G4, G6, G7 …;UX_EVIDENCE/inventaire/desktop-1440__settings_entreprise.png;MESURÉ + SCÉNARIO;208;40;;contenu;;;
INT-0412;#settings/entreprise;Invité (démo, propriétaire);desktop-1440;button;Paramètres;Paramètres du compte;actif;;balayage C121/C129/C136;UX_EVIDENCE/inventaire/desktop-1440__settings_entreprise.png;MESURÉ;234;42;;aria-label;;;
INT-0413;#settings/entreprise;Invité (démo, propriétaire);desktop-1440;button;Retour à l’application;Retourner au tableau de bord;actif;;balayage C121/C129/C136;UX_EVIDENCE/inventaire/desktop-1440__settings_entreprise.png;MESURÉ;206;46;;aria-label;;non;
INT-0414;#settings/entreprise;Invité (démo, propriétaire);desktop-1440;button;Entreprise Identité et coordonnées;Entreprise Identité et coordonnées;actif;;balayage C121/C129/C136;UX_EVIDENCE/inventaire/desktop-1440__settings_entreprise.png;MESURÉ;207;52;;contenu;;;
INT-0415;#settings/entreprise;Invité (démo, propriétaire);desktop-1440;button;Documents & PDF Logo, TVA et modèles;Documents & PDF Logo, TVA et modèles;actif;;balayage C121/C129/C136;UX_EVIDENCE/inventaire/desktop-1440__settings_entreprise.png;MESURÉ;207;52;;contenu;;;
INT-0416;#settings/entreprise;Invité (démo, propriétaire);desktop-1440;button;Facturation & envoi Banque, acomptes et messages;Facturation & envoi Banque, acomptes et messages;actif;;balayage C121/C129/C136;UX_EVIDENCE/inventaire/desktop-1440__settings_entreprise.png;MESURÉ;207;52;;contenu;;;
INT-0417;#settings/entreprise;Invité (démo, propriétaire);desktop-1440;button;Finances Comptes, devises, taxes;Finances Comptes, devises, taxes;actif;;balayage C121/C129/C136;UX_EVIDENCE/inventaire/desktop-1440__settings_entreprise.png;MESURÉ;207;52;;contenu;;;
INT-0418;#settings/entreprise;Invité (démo, propriétaire);desktop-1440;button;Abonnement & Licence Formules, équipe et paiements;Abonnement & Licence Formules, équipe et paiements;actif;;balayage C121/C129/C136;UX_EVIDENCE/inventaire/desktop-1440__settings_entreprise.png;MESURÉ;207;52;;contenu;;;
INT-0419;#settings/entreprise;Invité (démo, propriétaire);desktop-1440;button;Équipe Membres et rôles;Équipe Membres et rôles;actif;;balayage C121/C129/C136;UX_EVIDENCE/inventaire/desktop-1440__settings_entreprise.png;MESURÉ;207;52;;contenu;;;
INT-0420;#settings/entreprise;Invité (démo, propriétaire);desktop-1440;button;Audit & sécurité Historique des actions;Audit & sécurité Historique des actions;actif;;balayage C121/C129/C136;UX_EVIDENCE/inventaire/desktop-1440__settings_entreprise.png;MESURÉ;207;52;;contenu;;;
INT-0421;#settings/entreprise;Invité (démo, propriétaire);desktop-1440;button;Diagnostic État du système & sync;Diagnostic État du système & sync;actif;;balayage C121/C129/C136;UX_EVIDENCE/inventaire/desktop-1440__settings_entreprise.png;MESURÉ;207;52;;contenu;;;
INT-0422;#settings/entreprise;Invité (démo, propriétaire);desktop-1440;button;Données locales Copie et réinitialisation;Données locales Copie et réinitialisation;actif;;balayage C121/C129/C136;UX_EVIDENCE/inventaire/desktop-1440__settings_entreprise.png;MESURÉ;207;52;;contenu;;;
INT-0423;#settings/entreprise;Invité (démo, propriétaire);desktop-1440;input:text;IKADEVIS BTP;Raison Sociale / Nom Entreprise;actif;;balayage C121/C129/C136;UX_EVIDENCE/inventaire/desktop-1440__settings_entreprise.png;MESURÉ;1102;47;;label[for];;;
INT-0424;#settings/entreprise;Invité (démo, propriétaire);desktop-1440;textbox;BTP - Fabrications - Aménagement - Signalétique;Slogan / Activités principales;actif;;balayage C121/C129/C136;UX_EVIDENCE/inventaire/desktop-1440__settings_entreprise.png;MESURÉ;1102;43;;label[for];;;
INT-0425;#settings/entreprise;Invité (démo, propriétaire);desktop-1440;input:text;;Téléphone / WhatsApp;actif;;balayage C121/C129/C136 ; cité : G3;UX_EVIDENCE/inventaire/desktop-1440__settings_entreprise.png;MESURÉ + SCÉNARIO;543;47;;label[for];;;
INT-0426;#settings/entreprise;Invité (démo, propriétaire);desktop-1440;input:email;contact@ikadevis.com;Email professionnel;actif;;balayage C121/C129/C136;UX_EVIDENCE/inventaire/desktop-1440__settings_entreprise.png;MESURÉ;543;47;;label[for];;;
INT-0427;#settings/entreprise;Invité (démo, propriétaire);desktop-1440;input:text;Abidjan, Côte d'Ivoire;Adresse Géographique;actif;;balayage C121/C129/C136;UX_EVIDENCE/inventaire/desktop-1440__settings_entreprise.png;MESURÉ;1102;47;;label[for];;;
INT-0428;#settings/entreprise;Invité (démo, propriétaire);desktop-1440;input:text;;NIF (Identifiant Fiscal)Numéro Fiscal;actif;;balayage C121/C129/C136;UX_EVIDENCE/inventaire/desktop-1440__settings_entreprise.png;MESURÉ;543;47;;label[for];;;
INT-0429;#settings/entreprise;Invité (démo, propriétaire);desktop-1440;input:text;;RCCM (Registre du Commerce)Immatriculation;actif;;balayage C121/C129/C136;UX_EVIDENCE/inventaire/desktop-1440__settings_entreprise.png;MESURÉ;543;47;;label[for];;;
INT-0430;#settings/entreprise;Invité (démo, propriétaire);desktop-1440;button;XOF — Franc CFA (FCFA);Devise principale;actif;;balayage C121/C129/C136 ; cité : G2, G6;UX_EVIDENCE/inventaire/desktop-1440__settings_entreprise.png;MESURÉ + SCÉNARIO;543;42;;aria-label;;non;
INT-0431;#settings/entreprise;Invité (démo, propriétaire);desktop-1440;input:text;30 jours à compter de la date d'émission.;Validité de l'offreSur devis client;actif;;balayage C121/C129/C136;UX_EVIDENCE/inventaire/desktop-1440__settings_entreprise.png;MESURÉ;543;47;;label[for];;;
INT-0432;#settings/entreprise;Invité (démo, propriétaire);desktop-1440;input:text;Acompte à la signature et démarrage des travaux;Intitulé de l'étape 1;actif;;balayage C121/C129/C136 ; cité : G6;UX_EVIDENCE/inventaire/desktop-1440__settings_entreprise.png;MESURÉ + SCÉNARIO;948;47;;aria-label;;non;
INT-0433;#settings/entreprise;Invité (démo, propriétaire);desktop-1440;input:number;40;Pourcentage de l'étape 1;actif;;balayage C121/C129/C136;UX_EVIDENCE/inventaire/desktop-1440__settings_entreprise.png;MESURÉ;80;47;;aria-label;;;
INT-0434;#settings/entreprise;Invité (démo, propriétaire);desktop-1440;button;;Retirer l'étape 1;actif;;balayage C121/C129/C136 ; cité : G2, G3;UX_EVIDENCE/inventaire/desktop-1440__settings_entreprise.png;MESURÉ + SCÉNARIO;40;40;;aria-label;;;
INT-0435;#settings/entreprise;Invité (démo, propriétaire);desktop-1440;input:text;Situation intermédiaire / Avancement gros œuvre & hors d'eau;Intitulé de l'étape 2;actif;;balayage C121/C129/C136;UX_EVIDENCE/inventaire/desktop-1440__settings_entreprise.png;MESURÉ;948;47;;aria-label;;non;
INT-0436;#settings/entreprise;Invité (démo, propriétaire);desktop-1440;input:number;30;Pourcentage de l'étape 2;actif;;balayage C121/C129/C136;UX_EVIDENCE/inventaire/desktop-1440__settings_entreprise.png;MESURÉ;80;47;;aria-label;;;
INT-0437;#settings/entreprise;Invité (démo, propriétaire);desktop-1440;button;;Retirer l'étape 2;actif;;balayage C121/C129/C136 ; cité : G2, G3;UX_EVIDENCE/inventaire/desktop-1440__settings_entreprise.png;MESURÉ + SCÉNARIO;40;40;;aria-label;;;
INT-0438;#settings/entreprise;Invité (démo, propriétaire);desktop-1440;input:text;Second œuvre, finitions et équipements;Intitulé de l'étape 3;actif;;balayage C121/C129/C136 ; cité : G6;UX_EVIDENCE/inventaire/desktop-1440__settings_entreprise.png;MESURÉ + SCÉNARIO;948;47;;aria-label;;non;
INT-0439;#settings/entreprise;Invité (démo, propriétaire);desktop-1440;input:number;20;Pourcentage de l'étape 3;actif;;balayage C121/C129/C136 ; cité : G6;UX_EVIDENCE/inventaire/desktop-1440__settings_entreprise.png;MESURÉ + SCÉNARIO;80;47;;aria-label;;;
INT-0440;#settings/entreprise;Invité (démo, propriétaire);desktop-1440;button;;Retirer l'étape 3;actif;;balayage C121/C129/C136 ; cité : G2, G3;UX_EVIDENCE/inventaire/desktop-1440__settings_entreprise.png;MESURÉ + SCÉNARIO;40;40;;aria-label;;;
INT-0441;#settings/entreprise;Invité (démo, propriétaire);desktop-1440;input:text;Solde à la réception définitive et remise des clés;Intitulé de l'étape 4;actif;;balayage C121/C129/C136;UX_EVIDENCE/inventaire/desktop-1440__settings_entreprise.png;MESURÉ;948;47;;aria-label;;non;
INT-0442;#settings/entreprise;Invité (démo, propriétaire);desktop-1440;input:number;10;Pourcentage de l'étape 4;actif;;balayage C121/C129/C136;UX_EVIDENCE/inventaire/desktop-1440__settings_entreprise.png;MESURÉ;80;47;;aria-label;;;
INT-0443;#settings/entreprise;Invité (démo, propriétaire);desktop-1440;button;;Retirer l'étape 4;actif;;balayage C121/C129/C136 ; cité : G2;UX_EVIDENCE/inventaire/desktop-1440__settings_entreprise.png;MESURÉ + SCÉNARIO;40;40;;aria-label;;;
INT-0444;#settings/entreprise;Invité (démo, propriétaire);desktop-1440;button;Ajouter une étape;Ajouter une étape;actif;;balayage C121/C129/C136 ; cité : G2;UX_EVIDENCE/inventaire/desktop-1440__settings_entreprise.png;MESURÉ + SCÉNARIO;190;42;;contenu;;;
INT-0445;#settings/entreprise;Invité (démo, propriétaire);desktop-1440;button;Retour à l’application;Retourner à l'application;actif;;balayage C121/C129/C136 ; cité : G2, G6;UX_EVIDENCE/inventaire/desktop-1440__settings_entreprise.png;MESURÉ + SCÉNARIO;212;46;;aria-label;;non;
INT-0446;#settings/entreprise;Invité (démo, propriétaire);desktop-1440;button;Enregistrer les modifications;Enregistrer les paramètres de l'entreprise;actif;;balayage C121/C129/C136 ; cité : G2, G3;UX_EVIDENCE/inventaire/desktop-1440__settings_entreprise.png;MESURÉ + SCÉNARIO;260;44;;aria-label;;non;
INT-0447;(atterrissage);Invité (démo, propriétaire);mobile-390;link;Aller au contenu principal;Aller au contenu principal;actif;;balayage C121/C129/C136;UX_EVIDENCE/inventaire/mobile-390__atterrissage_.png;MESURÉ;1;1;oui;contenu;;;#main-content
INT-0448;(atterrissage);Invité (démo, propriétaire);mobile-390;button;;ikadevis - Tableau de bord;actif;;balayage C121/C129/C136;UX_EVIDENCE/inventaire/mobile-390__atterrissage_.png;MESURÉ;90;28;;aria-label;;;
INT-0449;(atterrissage);Invité (démo, propriétaire);mobile-390;button;Démonstration;État de connexion : Démonstration;actif;;balayage C121/C129/C136;UX_EVIDENCE/inventaire/mobile-390__atterrissage_.png;MESURÉ;117;27;;aria-label;;;
INT-0450;(atterrissage);Invité (démo, propriétaire);mobile-390;button;;Paramètres du compte;actif;;balayage C121/C129/C136;UX_EVIDENCE/inventaire/mobile-390__atterrissage_.png;MESURÉ;40;40;;aria-label;;;
INT-0451;(atterrissage);Invité (démo, propriétaire);mobile-390;button;;Menu du profil utilisateur;actif;;balayage C121/C129/C136;UX_EVIDENCE/inventaire/mobile-390__atterrissage_.png;MESURÉ;55;40;;aria-label;;;
INT-0452;(atterrissage);Invité (démo, propriétaire);mobile-390;button;Tout;Tout;actif;;balayage C121/C129/C136 ; cité : G1, G2, G3, G4, G5, G6 …;UX_EVIDENCE/inventaire/mobile-390__atterrissage_.png;MESURÉ + SCÉNARIO;50;24;;contenu;;;
INT-0453;(atterrissage);Invité (démo, propriétaire);mobile-390;button;Ce mois;Ce mois;actif;;balayage C121/C129/C136 ; cité : G1, G2, G5, banc test_audit220_lot5;UX_EVIDENCE/inventaire/mobile-390__atterrissage_.png;MESURÉ + SCÉNARIO;70;24;;contenu;;;
INT-0454;(atterrissage);Invité (démo, propriétaire);mobile-390;button;Trimestre;Trimestre;actif;;balayage C121/C129/C136 ; cité : G1, G2, G5;UX_EVIDENCE/inventaire/mobile-390__atterrissage_.png;MESURÉ + SCÉNARIO;80;24;;contenu;;;
INT-0455;(atterrissage);Invité (démo, propriétaire);mobile-390;button;Année;Année;actif;;balayage C121/C129/C136 ; cité : G1, G2, G5, suite;UX_EVIDENCE/inventaire/mobile-390__atterrissage_.png;MESURÉ + SCÉNARIO;61;24;;contenu;;;
INT-0456;(atterrissage);Invité (démo, propriétaire);mobile-390;button;Personnaliser;Modifier et personnaliser le tableau de bord;actif;;balayage C121/C129/C136 ; cité : G2, G7;UX_EVIDENCE/inventaire/mobile-390__atterrissage_.png;MESURÉ + SCÉNARIO;155;42;;aria-label;;;
INT-0457;(atterrissage);Invité (démo, propriétaire);mobile-390;button;Créer mon premier devis;Créer mon premier devis;actif;;balayage C121/C129/C136 ; cité : G1, G2, G3, G5;UX_EVIDENCE/inventaire/mobile-390__atterrissage_.png;MESURÉ + SCÉNARIO;208;45;;contenu;;;
INT-0458;(atterrissage);Invité (démo, propriétaire);mobile-390;button;Nouveau devis Chiffrer un projet;Nouveau devis Chiffrer un projet;actif;;balayage C121/C129/C136 ; cité : G1, G2;UX_EVIDENCE/inventaire/mobile-390__atterrissage_.png;MESURÉ + SCÉNARIO;175;79;;contenu;;;
INT-0459;(atterrissage);Invité (démo, propriétaire);mobile-390;button;Nouveau chantier Ouvrir un dossier;Nouveau chantier Ouvrir un dossier;actif;;balayage C121/C129/C136 ; cité : G2;UX_EVIDENCE/inventaire/mobile-390__atterrissage_.png;MESURÉ + SCÉNARIO;175;79;;contenu;;;
INT-0460;(atterrissage);Invité (démo, propriétaire);mobile-390;button;Ajouter un client Répertoire & NIF;Ajouter un client Répertoire & NIF;actif;;balayage C121/C129/C136 ; cité : G2, G7;UX_EVIDENCE/inventaire/mobile-390__atterrissage_.png;MESURÉ + SCÉNARIO;175;79;;contenu;;;
INT-0461;(atterrissage);Invité (démo, propriétaire);mobile-390;button;Créer facture Facturer un acompte;Créer facture Facturer un acompte;actif;;balayage C121/C129/C136;UX_EVIDENCE/inventaire/mobile-390__atterrissage_.png;MESURÉ;175;79;;contenu;;;
INT-0462;(atterrissage);Invité (démo, propriétaire);mobile-390;button;Voir tous;Voir tous;actif;;balayage C121/C129/C136;UX_EVIDENCE/inventaire/mobile-390__atterrissage_.png;MESURÉ;68;28;;contenu;;;
INT-0463;(atterrissage);Invité (démo, propriétaire);mobile-390;button;Société Immobilière NBB Construction Siège NBB · DEV-2026-001 20 589 256 FCFA Ac;Société Immobilière NBB Construction Siège NBB · DEV-2026-001 20 589 256 FCFA Accepté;actif;;balayage C121/C129/C136;UX_EVIDENCE/inventaire/mobile-390__atterrissage_.png;MESURÉ;360;95;;contenu;;;
INT-0464;(atterrissage);Invité (démo, propriétaire);mobile-390;button;Voir tous;Voir tous;actif;;balayage C121/C129/C136;UX_EVIDENCE/inventaire/mobile-390__atterrissage_.png;MESURÉ;68;28;;contenu;;;
INT-0465;(atterrissage);Invité (démo, propriétaire);mobile-390;button;Construction Siège NBB Société Immobilière NBB En cours;Construction Siège NBB Société Immobilière NBB En cours;actif;;balayage C121/C129/C136 ; cité : G2;UX_EVIDENCE/inventaire/mobile-390__atterrissage_.png;MESURÉ + SCÉNARIO;360;89;;contenu;;;
INT-0466;(atterrissage);Invité (démo, propriétaire);mobile-390;button;Rénovation Façades ACM & Enseignes LED Résidence Les Almadies En cours;Rénovation Façades ACM & Enseignes LED Résidence Les Almadies En cours;actif;;balayage C121/C129/C136 ; cité : G2;UX_EVIDENCE/inventaire/mobile-390__atterrissage_.png;MESURÉ + SCÉNARIO;360;90;;contenu;;;
INT-0467;(atterrissage);Invité (démo, propriétaire);mobile-390;button;Accueil;Accueil;actif;;balayage C121/C129/C136;UX_EVIDENCE/inventaire/mobile-390__atterrissage_.png;MESURÉ;84;57;;contenu;;;
INT-0468;(atterrissage);Invité (démo, propriétaire);mobile-390;button;Devis;Devis;actif;;balayage C121/C129/C136;UX_EVIDENCE/inventaire/mobile-390__atterrissage_.png;MESURÉ;84;57;;contenu;;;
INT-0469;(atterrissage);Invité (démo, propriétaire);mobile-390;button;Chantiers;Chantiers;actif;;balayage C121/C129/C136;UX_EVIDENCE/inventaire/mobile-390__atterrissage_.png;MESURÉ;84;57;;contenu;;;
INT-0470;(atterrissage);Invité (démo, propriétaire);mobile-390;button;Factures;Factures;actif;;balayage C121/C129/C136;UX_EVIDENCE/inventaire/mobile-390__atterrissage_.png;MESURÉ;84;57;;contenu;;;
INT-0471;(atterrissage);Invité (démo, propriétaire);mobile-390;button;Menu;Ouvrir le menu de navigation;actif;;balayage C121/C129/C136;UX_EVIDENCE/inventaire/mobile-390__atterrissage_.png;MESURÉ;48;48;;aria-label;;;
INT-0472;#dashboard;Invité (démo, propriétaire);mobile-390;link;Aller au contenu principal;Aller au contenu principal;actif;;balayage C121/C129/C136;UX_EVIDENCE/inventaire/mobile-390__dashboard.png;MESURÉ;1;1;oui;contenu;;;#main-content
INT-0473;#dashboard;Invité (démo, propriétaire);mobile-390;button;;ikadevis - Tableau de bord;actif;;balayage C121/C129/C136;UX_EVIDENCE/inventaire/mobile-390__dashboard.png;MESURÉ;90;28;;aria-label;;;
INT-0474;#dashboard;Invité (démo, propriétaire);mobile-390;button;Démonstration;État de connexion : Démonstration;actif;;balayage C121/C129/C136;UX_EVIDENCE/inventaire/mobile-390__dashboard.png;MESURÉ;117;27;;aria-label;;;
INT-0475;#dashboard;Invité (démo, propriétaire);mobile-390;button;;Paramètres du compte;actif;;balayage C121/C129/C136;UX_EVIDENCE/inventaire/mobile-390__dashboard.png;MESURÉ;40;40;;aria-label;;;
INT-0476;#dashboard;Invité (démo, propriétaire);mobile-390;button;;Menu du profil utilisateur;actif;;balayage C121/C129/C136;UX_EVIDENCE/inventaire/mobile-390__dashboard.png;MESURÉ;55;40;;aria-label;;;
INT-0477;#dashboard;Invité (démo, propriétaire);mobile-390;button;Tout;Tout;actif;;balayage C121/C129/C136 ; cité : G1, G2, G3, G4, G5, G6 …;UX_EVIDENCE/inventaire/mobile-390__dashboard.png;MESURÉ + SCÉNARIO;50;24;;contenu;;;
INT-0478;#dashboard;Invité (démo, propriétaire);mobile-390;button;Ce mois;Ce mois;actif;;balayage C121/C129/C136 ; cité : G1, G2, G5, banc test_audit220_lot5;UX_EVIDENCE/inventaire/mobile-390__dashboard.png;MESURÉ + SCÉNARIO;70;24;;contenu;;;
INT-0479;#dashboard;Invité (démo, propriétaire);mobile-390;button;Trimestre;Trimestre;actif;;balayage C121/C129/C136 ; cité : G1, G2, G5;UX_EVIDENCE/inventaire/mobile-390__dashboard.png;MESURÉ + SCÉNARIO;80;24;;contenu;;;
INT-0480;#dashboard;Invité (démo, propriétaire);mobile-390;button;Année;Année;actif;;balayage C121/C129/C136 ; cité : G1, G2, G5, suite;UX_EVIDENCE/inventaire/mobile-390__dashboard.png;MESURÉ + SCÉNARIO;61;24;;contenu;;;
INT-0481;#dashboard;Invité (démo, propriétaire);mobile-390;button;Personnaliser;Modifier et personnaliser le tableau de bord;actif;;balayage C121/C129/C136 ; cité : G2, G7;UX_EVIDENCE/inventaire/mobile-390__dashboard.png;MESURÉ + SCÉNARIO;155;42;;aria-label;;;
INT-0482;#dashboard;Invité (démo, propriétaire);mobile-390;button;Créer mon premier devis;Créer mon premier devis;actif;;balayage C121/C129/C136 ; cité : G1, G2, G3, G5;UX_EVIDENCE/inventaire/mobile-390__dashboard.png;MESURÉ + SCÉNARIO;208;45;;contenu;;;
INT-0483;#dashboard;Invité (démo, propriétaire);mobile-390;button;Nouveau devis Chiffrer un projet;Nouveau devis Chiffrer un projet;actif;;balayage C121/C129/C136 ; cité : G1, G2;UX_EVIDENCE/inventaire/mobile-390__dashboard.png;MESURÉ + SCÉNARIO;175;79;;contenu;;;
INT-0484;#dashboard;Invité (démo, propriétaire);mobile-390;button;Nouveau chantier Ouvrir un dossier;Nouveau chantier Ouvrir un dossier;actif;;balayage C121/C129/C136 ; cité : G2;UX_EVIDENCE/inventaire/mobile-390__dashboard.png;MESURÉ + SCÉNARIO;175;79;;contenu;;;
INT-0485;#dashboard;Invité (démo, propriétaire);mobile-390;button;Ajouter un client Répertoire & NIF;Ajouter un client Répertoire & NIF;actif;;balayage C121/C129/C136 ; cité : G2, G7;UX_EVIDENCE/inventaire/mobile-390__dashboard.png;MESURÉ + SCÉNARIO;175;79;;contenu;;;
INT-0486;#dashboard;Invité (démo, propriétaire);mobile-390;button;Créer facture Facturer un acompte;Créer facture Facturer un acompte;actif;;balayage C121/C129/C136;UX_EVIDENCE/inventaire/mobile-390__dashboard.png;MESURÉ;175;79;;contenu;;;
INT-0487;#dashboard;Invité (démo, propriétaire);mobile-390;button;Voir tous;Voir tous;actif;;balayage C121/C129/C136;UX_EVIDENCE/inventaire/mobile-390__dashboard.png;MESURÉ;68;28;;contenu;;;
INT-0488;#dashboard;Invité (démo, propriétaire);mobile-390;button;Société Immobilière NBB Construction Siège NBB · DEV-2026-001 20 589 256 FCFA Ac;Société Immobilière NBB Construction Siège NBB · DEV-2026-001 20 589 256 FCFA Accepté;actif;;balayage C121/C129/C136;UX_EVIDENCE/inventaire/mobile-390__dashboard.png;MESURÉ;360;95;;contenu;;;
INT-0489;#dashboard;Invité (démo, propriétaire);mobile-390;button;Voir tous;Voir tous;actif;;balayage C121/C129/C136;UX_EVIDENCE/inventaire/mobile-390__dashboard.png;MESURÉ;68;28;;contenu;;;
INT-0490;#dashboard;Invité (démo, propriétaire);mobile-390;button;Construction Siège NBB Société Immobilière NBB En cours;Construction Siège NBB Société Immobilière NBB En cours;actif;;balayage C121/C129/C136 ; cité : G2;UX_EVIDENCE/inventaire/mobile-390__dashboard.png;MESURÉ + SCÉNARIO;360;89;;contenu;;;
INT-0491;#dashboard;Invité (démo, propriétaire);mobile-390;button;Rénovation Façades ACM & Enseignes LED Résidence Les Almadies En cours;Rénovation Façades ACM & Enseignes LED Résidence Les Almadies En cours;actif;;balayage C121/C129/C136 ; cité : G2;UX_EVIDENCE/inventaire/mobile-390__dashboard.png;MESURÉ + SCÉNARIO;360;90;;contenu;;;
INT-0492;#dashboard;Invité (démo, propriétaire);mobile-390;button;Accueil;Accueil;actif;;balayage C121/C129/C136;UX_EVIDENCE/inventaire/mobile-390__dashboard.png;MESURÉ;84;57;;contenu;;;
INT-0493;#dashboard;Invité (démo, propriétaire);mobile-390;button;Devis;Devis;actif;;balayage C121/C129/C136;UX_EVIDENCE/inventaire/mobile-390__dashboard.png;MESURÉ;84;57;;contenu;;;
INT-0494;#dashboard;Invité (démo, propriétaire);mobile-390;button;Chantiers;Chantiers;actif;;balayage C121/C129/C136;UX_EVIDENCE/inventaire/mobile-390__dashboard.png;MESURÉ;84;57;;contenu;;;
INT-0495;#dashboard;Invité (démo, propriétaire);mobile-390;button;Factures;Factures;actif;;balayage C121/C129/C136;UX_EVIDENCE/inventaire/mobile-390__dashboard.png;MESURÉ;84;57;;contenu;;;
INT-0496;#dashboard;Invité (démo, propriétaire);mobile-390;button;Menu;Ouvrir le menu de navigation;actif;;balayage C121/C129/C136;UX_EVIDENCE/inventaire/mobile-390__dashboard.png;MESURÉ;48;48;;aria-label;;;
INT-0497;#chantiers;Invité (démo, propriétaire);mobile-390;link;Aller au contenu principal;Aller au contenu principal;actif;;balayage C121/C129/C136;UX_EVIDENCE/inventaire/mobile-390__chantiers.png;MESURÉ;1;1;oui;contenu;;;#main-content
INT-0498;#chantiers;Invité (démo, propriétaire);mobile-390;button;;ikadevis - Tableau de bord;actif;;balayage C121/C129/C136;UX_EVIDENCE/inventaire/mobile-390__chantiers.png;MESURÉ;90;28;;aria-label;;;
INT-0499;#chantiers;Invité (démo, propriétaire);mobile-390;button;Démonstration;État de connexion : Démonstration;actif;;balayage C121/C129/C136;UX_EVIDENCE/inventaire/mobile-390__chantiers.png;MESURÉ;117;27;;aria-label;;;
INT-0500;#chantiers;Invité (démo, propriétaire);mobile-390;button;;Paramètres du compte;actif;;balayage C121/C129/C136;UX_EVIDENCE/inventaire/mobile-390__chantiers.png;MESURÉ;40;40;;aria-label;;;
INT-0501;#chantiers;Invité (démo, propriétaire);mobile-390;button;;Menu du profil utilisateur;actif;;balayage C121/C129/C136;UX_EVIDENCE/inventaire/mobile-390__chantiers.png;MESURÉ;55;40;;aria-label;;;
INT-0502;#chantiers;Invité (démo, propriétaire);mobile-390;button;Nouveau Chantier;Créer un nouveau chantier;actif;;balayage C121/C129/C136 ; cité : G2, G3;UX_EVIDENCE/inventaire/mobile-390__chantiers.png;MESURÉ + SCÉNARIO;185;42;;aria-label;;;
INT-0503;#chantiers;Invité (démo, propriétaire);mobile-390;input:text;;Rechercher un chantier;actif;;balayage C121/C129/C136 ; cité : G7;UX_EVIDENCE/inventaire/mobile-390__chantiers.png;MESURÉ + SCÉNARIO;366;40;;aria-label;;;
INT-0504;#chantiers;Invité (démo, propriétaire);mobile-390;button;PRJ-2026-001 EN COURS Construction Siège NBB Société Immobilière NBB · 1 devis;Sélectionner le chantier Construction Siège NBB;actif;;balayage C121/C129/C136 ; cité : G2;UX_EVIDENCE/inventaire/mobile-390__chantiers.png;MESURÉ + SCÉNARIO;366;98;;aria-label;;non;
INT-0505;#chantiers;Invité (démo, propriétaire);mobile-390;button;PRJ-2026-002 EN COURS Rénovation Façades ACM & Enseignes LED Résidence Les Almad;Sélectionner le chantier Rénovation Façades ACM & Enseignes LED;actif;;balayage C121/C129/C136;UX_EVIDENCE/inventaire/mobile-390__chantiers.png;MESURÉ;366;98;;aria-label;;non;
INT-0506;#chantiers;Invité (démo, propriétaire);mobile-390;button;Accueil;Accueil;actif;;balayage C121/C129/C136;UX_EVIDENCE/inventaire/mobile-390__chantiers.png;MESURÉ;84;57;;contenu;;;
INT-0507;#chantiers;Invité (démo, propriétaire);mobile-390;button;Devis;Devis;actif;;balayage C121/C129/C136;UX_EVIDENCE/inventaire/mobile-390__chantiers.png;MESURÉ;84;57;;contenu;;;
INT-0508;#chantiers;Invité (démo, propriétaire);mobile-390;button;Chantiers;Chantiers;actif;;balayage C121/C129/C136;UX_EVIDENCE/inventaire/mobile-390__chantiers.png;MESURÉ;84;57;;contenu;;;
INT-0509;#chantiers;Invité (démo, propriétaire);mobile-390;button;Factures;Factures;actif;;balayage C121/C129/C136;UX_EVIDENCE/inventaire/mobile-390__chantiers.png;MESURÉ;84;57;;contenu;;;
INT-0510;#chantiers;Invité (démo, propriétaire);mobile-390;button;Menu;Ouvrir le menu de navigation;actif;;balayage C121/C129/C136;UX_EVIDENCE/inventaire/mobile-390__chantiers.png;MESURÉ;48;48;;aria-label;;;
INT-0511;#clients;Invité (démo, propriétaire);mobile-390;link;Aller au contenu principal;Aller au contenu principal;actif;;balayage C121/C129/C136;UX_EVIDENCE/inventaire/mobile-390__clients.png;MESURÉ;1;1;oui;contenu;;;#main-content
INT-0512;#clients;Invité (démo, propriétaire);mobile-390;button;;ikadevis - Tableau de bord;actif;;balayage C121/C129/C136;UX_EVIDENCE/inventaire/mobile-390__clients.png;MESURÉ;90;28;;aria-label;;;
INT-0513;#clients;Invité (démo, propriétaire);mobile-390;button;Démonstration;État de connexion : Démonstration;actif;;balayage C121/C129/C136;UX_EVIDENCE/inventaire/mobile-390__clients.png;MESURÉ;117;27;;aria-label;;;
INT-0514;#clients;Invité (démo, propriétaire);mobile-390;button;;Paramètres du compte;actif;;balayage C121/C129/C136;UX_EVIDENCE/inventaire/mobile-390__clients.png;MESURÉ;40;40;;aria-label;;;
INT-0515;#clients;Invité (démo, propriétaire);mobile-390;button;;Menu du profil utilisateur;actif;;balayage C121/C129/C136;UX_EVIDENCE/inventaire/mobile-390__clients.png;MESURÉ;55;40;;aria-label;;;
INT-0516;#clients;Invité (démo, propriétaire);mobile-390;button;Nouveau Client;Créer un nouveau client;actif;;balayage C121/C129/C136 ; cité : G2, G3, G6, G7, banc test_accessibilite_navigation_fenetres;UX_EVIDENCE/inventaire/mobile-390__clients.png;MESURÉ + SCÉNARIO;171;42;;aria-label;;;
INT-0517;#clients;Invité (démo, propriétaire);mobile-390;input:text;;Rechercher un client;actif;;balayage C121/C129/C136 ; cité : G7;UX_EVIDENCE/inventaire/mobile-390__clients.png;MESURÉ + SCÉNARIO;366;40;;aria-label;;;
INT-0518;#clients;Invité (démo, propriétaire);mobile-390;button;SO Société Immobilière NBB M. Amadou DIOP (Directeur Général) 1;Sélectionner Société Immobilière NBB;actif;;balayage C121/C129/C136 ; cité : G2, G7;UX_EVIDENCE/inventaire/mobile-390__clients.png;MESURÉ + SCÉNARIO;366;69;;aria-label;;non;
INT-0519;#clients;Invité (démo, propriétaire);mobile-390;button;RÉ Résidence Les Almadies Mme Fatou SOW (Syndic);Sélectionner Résidence Les Almadies;actif;;balayage C121/C129/C136 ; cité : G2, G7;UX_EVIDENCE/inventaire/mobile-390__clients.png;MESURÉ + SCÉNARIO;366;69;;aria-label;;non;
INT-0520;#clients;Invité (démo, propriétaire);mobile-390;button;Accueil;Accueil;actif;;balayage C121/C129/C136;UX_EVIDENCE/inventaire/mobile-390__clients.png;MESURÉ;84;57;;contenu;;;
INT-0521;#clients;Invité (démo, propriétaire);mobile-390;button;Devis;Devis;actif;;balayage C121/C129/C136;UX_EVIDENCE/inventaire/mobile-390__clients.png;MESURÉ;84;57;;contenu;;;
INT-0522;#clients;Invité (démo, propriétaire);mobile-390;button;Chantiers;Chantiers;actif;;balayage C121/C129/C136;UX_EVIDENCE/inventaire/mobile-390__clients.png;MESURÉ;84;57;;contenu;;;
INT-0523;#clients;Invité (démo, propriétaire);mobile-390;button;Factures;Factures;actif;;balayage C121/C129/C136;UX_EVIDENCE/inventaire/mobile-390__clients.png;MESURÉ;84;57;;contenu;;;
INT-0524;#clients;Invité (démo, propriétaire);mobile-390;button;Menu;Ouvrir le menu de navigation;actif;;balayage C121/C129/C136;UX_EVIDENCE/inventaire/mobile-390__clients.png;MESURÉ;48;48;;aria-label;;;
INT-0525;#chiffrage;Invité (démo, propriétaire);mobile-390;link;Aller au contenu principal;Aller au contenu principal;actif;;balayage C121/C129/C136;UX_EVIDENCE/inventaire/mobile-390__chiffrage.png;MESURÉ;1;1;oui;contenu;;;#main-content
INT-0526;#chiffrage;Invité (démo, propriétaire);mobile-390;button;;ikadevis - Tableau de bord;actif;;balayage C121/C129/C136;UX_EVIDENCE/inventaire/mobile-390__chiffrage.png;MESURÉ;90;28;;aria-label;;;
INT-0527;#chiffrage;Invité (démo, propriétaire);mobile-390;button;Démonstration;État de connexion : Démonstration;actif;;balayage C121/C129/C136;UX_EVIDENCE/inventaire/mobile-390__chiffrage.png;MESURÉ;117;27;;aria-label;;;
INT-0528;#chiffrage;Invité (démo, propriétaire);mobile-390;button;;Paramètres du compte;actif;;balayage C121/C129/C136;UX_EVIDENCE/inventaire/mobile-390__chiffrage.png;MESURÉ;40;40;;aria-label;;;
INT-0529;#chiffrage;Invité (démo, propriétaire);mobile-390;button;;Menu du profil utilisateur;actif;;balayage C121/C129/C136;UX_EVIDENCE/inventaire/mobile-390__chiffrage.png;MESURÉ;55;40;;aria-label;;;
INT-0530;#chiffrage;Invité (démo, propriétaire);mobile-390;button;BROUILLON;Statut du devis;actif;;balayage C121/C129/C136 ; cité : G2, G6, G7;UX_EVIDENCE/inventaire/mobile-390__chiffrage.png;MESURÉ + SCÉNARIO;106;27;;aria-label;;non;
INT-0531;#chiffrage;Invité (démo, propriétaire);mobile-390;button;;Plus d'actions sur le devis;actif;;balayage C121/C129/C136 ; cité : G2, G7;UX_EVIDENCE/inventaire/mobile-390__chiffrage.png;MESURÉ + SCÉNARIO;32;32;;aria-label;;;
INT-0532;#chiffrage;Invité (démo, propriétaire);mobile-390;combobox;;Client du devis;actif;;balayage C121/C129/C136 ; cité : G6, G7, suite;UX_EVIDENCE/inventaire/mobile-390__chiffrage.png;MESURÉ + SCÉNARIO;346;44;;aria-label;;;
INT-0533;#chiffrage;Invité (démo, propriétaire);mobile-390;combobox;;Chantier du devis;actif;;balayage C121/C129/C136 ; cité : G7;UX_EVIDENCE/inventaire/mobile-390__chiffrage.png;MESURÉ + SCÉNARIO;346;44;;aria-label;;;
INT-0534;#chiffrage;Invité (démo, propriétaire);mobile-390;button;Importer Excel / CSV;Importer Excel / CSV;actif;;balayage C121/C129/C136 ; cité : G2;UX_EVIDENCE/inventaire/mobile-390__chiffrage.png;MESURÉ + SCÉNARIO;201;44;;contenu;;;
INT-0535;#chiffrage;Invité (démo, propriétaire);mobile-390;button;;Ajouter un nouveau lot;actif;;balayage C121/C129/C136 ; cité : G2;UX_EVIDENCE/inventaire/mobile-390__chiffrage.png;MESURÉ + SCÉNARIO;28;28;;aria-label;;;
INT-0536;#chiffrage;Invité (démo, propriétaire);mobile-390;button;01 Lot 01 — Travaux 0 FCFA • 0% • 0 ouvrage;01 Lot 01 — Travaux 0 FCFA • 0% • 0 ouvrage;actif;;balayage C121/C129/C136 ; cité : G2;UX_EVIDENCE/inventaire/mobile-390__chiffrage.png;MESURÉ + SCÉNARIO;357;54;;contenu;;;
INT-0537;#chiffrage;Invité (démo, propriétaire);mobile-390;button;Ajouter mon premier ouvrage;Ajouter mon premier ouvrage;actif;;balayage C121/C129/C136 ; cité : G1, G2, G3, G7, banc test_audit220_lot6;UX_EVIDENCE/inventaire/mobile-390__chiffrage.png;MESURÉ + SCÉNARIO;342;48;;contenu;;;
INT-0538;#chiffrage;Invité (démo, propriétaire);mobile-390;button;Accueil;Accueil;actif;;balayage C121/C129/C136;UX_EVIDENCE/inventaire/mobile-390__chiffrage.png;MESURÉ;84;57;;contenu;;;
INT-0539;#chiffrage;Invité (démo, propriétaire);mobile-390;button;Devis;Devis;actif;;balayage C121/C129/C136;UX_EVIDENCE/inventaire/mobile-390__chiffrage.png;MESURÉ;84;57;;contenu;;;
INT-0540;#chiffrage;Invité (démo, propriétaire);mobile-390;button;Chantiers;Chantiers;actif;;balayage C121/C129/C136;UX_EVIDENCE/inventaire/mobile-390__chiffrage.png;MESURÉ;84;57;;contenu;;;
INT-0541;#chiffrage;Invité (démo, propriétaire);mobile-390;button;Factures;Factures;actif;;balayage C121/C129/C136;UX_EVIDENCE/inventaire/mobile-390__chiffrage.png;MESURÉ;84;57;;contenu;;;
INT-0542;#chiffrage;Invité (démo, propriétaire);mobile-390;button;Menu;Ouvrir le menu de navigation;actif;;balayage C121/C129/C136;UX_EVIDENCE/inventaire/mobile-390__chiffrage.png;MESURÉ;48;48;;aria-label;;;
INT-0543;#chiffrage;Invité (démo, propriétaire);mobile-390;button;;Afficher le détail du chiffrage (déboursé, coefficient K, marge, TVA);actif;;balayage C121/C129/C136 ; cité : G6;UX_EVIDENCE/inventaire/mobile-390__chiffrage.png;MESURÉ + SCÉNARIO;44;44;;aria-label;;;
INT-0544;#chiffrage;Invité (démo, propriétaire);mobile-390;button;Aperçu PDF;Aperçu PDF;actif;;balayage C121/C129/C136 ; cité : G2, suite;UX_EVIDENCE/inventaire/mobile-390__chiffrage.png;MESURÉ + SCÉNARIO;102;52;;contenu;;;
INT-0545;#chiffrage;Invité (démo, propriétaire);mobile-390;button;Enregistrer;Enregistrer;actif;;balayage C121/C129/C136 ; cité : G1, G2, G3, G5, G6, G7 …;UX_EVIDENCE/inventaire/mobile-390__chiffrage.png;MESURÉ + SCÉNARIO;100;52;;contenu;;;
INT-0546;#devis;Invité (démo, propriétaire);mobile-390;link;Aller au contenu principal;Aller au contenu principal;actif;;balayage C121/C129/C136;UX_EVIDENCE/inventaire/mobile-390__devis.png;MESURÉ;1;1;oui;contenu;;;#main-content
INT-0547;#devis;Invité (démo, propriétaire);mobile-390;button;;ikadevis - Tableau de bord;actif;;balayage C121/C129/C136;UX_EVIDENCE/inventaire/mobile-390__devis.png;MESURÉ;90;28;;aria-label;;;
INT-0548;#devis;Invité (démo, propriétaire);mobile-390;button;Démonstration;État de connexion : Démonstration;actif;;balayage C121/C129/C136;UX_EVIDENCE/inventaire/mobile-390__devis.png;MESURÉ;117;27;;aria-label;;;
INT-0549;#devis;Invité (démo, propriétaire);mobile-390;button;;Paramètres du compte;actif;;balayage C121/C129/C136;UX_EVIDENCE/inventaire/mobile-390__devis.png;MESURÉ;40;40;;aria-label;;;
INT-0550;#devis;Invité (démo, propriétaire);mobile-390;button;;Menu du profil utilisateur;actif;;balayage C121/C129/C136;UX_EVIDENCE/inventaire/mobile-390__devis.png;MESURÉ;55;40;;aria-label;;;
INT-0551;#devis;Invité (démo, propriétaire);mobile-390;button;Nouveau devis;Nouveau devis;actif;;balayage C121/C129/C136;UX_EVIDENCE/inventaire/mobile-390__devis.png;MESURÉ;166;40;;contenu;;;
INT-0552;#devis;Invité (démo, propriétaire);mobile-390;input:search;;Rechercher dans les devis;actif;;balayage C121/C129/C136 ; cité : G3, G7;UX_EVIDENCE/inventaire/mobile-390__devis.png;MESURÉ + SCÉNARIO;344;48;;aria-label;;;
INT-0553;#devis;Invité (démo, propriétaire);mobile-390;button;Tous les statuts;Filtrer les devis par statut;actif;;balayage C121/C129/C136 ; cité : G2;UX_EVIDENCE/inventaire/mobile-390__devis.png;MESURÉ + SCÉNARIO;168;34;;aria-label;;non;
INT-0554;#devis;Invité (démo, propriétaire);mobile-390;button;Plus récents;Trier les devis;actif;;balayage C121/C129/C136 ; cité : G2;UX_EVIDENCE/inventaire/mobile-390__devis.png;MESURÉ + SCÉNARIO;168;34;;aria-label;;non;
INT-0555;#devis;Invité (démo, propriétaire);mobile-390;button;Société Immobilière NBB Accepté Construction Siège NBB DEV-2026-001 03/10/2026 2;Afficher le devis DEV-2026-001 de Société Immobilière NBB;actif;;balayage C121/C129/C136 ; cité : G2;UX_EVIDENCE/inventaire/mobile-390__devis.png;MESURÉ + SCÉNARIO;366;128;;aria-label;;non;
INT-0556;#devis;Invité (démo, propriétaire);mobile-390;button;;Supprimer le devis DEV-2026-001;actif;;balayage C121/C129/C136 ; cité : G2, G3, G7, suite;UX_EVIDENCE/inventaire/mobile-390__devis.png;MESURÉ + SCÉNARIO;14;20;oui;aria-label;;;
INT-0557;#devis;Invité (démo, propriétaire);mobile-390;button;Accueil;Accueil;actif;;balayage C121/C129/C136;UX_EVIDENCE/inventaire/mobile-390__devis.png;MESURÉ;84;57;;contenu;;;
INT-0558;#devis;Invité (démo, propriétaire);mobile-390;button;Devis;Devis;actif;;balayage C121/C129/C136;UX_EVIDENCE/inventaire/mobile-390__devis.png;MESURÉ;84;57;;contenu;;;
INT-0559;#devis;Invité (démo, propriétaire);mobile-390;button;Chantiers;Chantiers;actif;;balayage C121/C129/C136;UX_EVIDENCE/inventaire/mobile-390__devis.png;MESURÉ;84;57;;contenu;;;
INT-0560;#devis;Invité (démo, propriétaire);mobile-390;button;Factures;Factures;actif;;balayage C121/C129/C136;UX_EVIDENCE/inventaire/mobile-390__devis.png;MESURÉ;84;57;;contenu;;;
INT-0561;#devis;Invité (démo, propriétaire);mobile-390;button;Menu;Ouvrir le menu de navigation;actif;;balayage C121/C129/C136;UX_EVIDENCE/inventaire/mobile-390__devis.png;MESURÉ;48;48;;aria-label;;;
INT-0562;#factures;Invité (démo, propriétaire);mobile-390;link;Aller au contenu principal;Aller au contenu principal;actif;;balayage C121/C129/C136;UX_EVIDENCE/inventaire/mobile-390__factures.png;MESURÉ;1;1;oui;contenu;;;#main-content
INT-0563;#factures;Invité (démo, propriétaire);mobile-390;button;;ikadevis - Tableau de bord;actif;;balayage C121/C129/C136;UX_EVIDENCE/inventaire/mobile-390__factures.png;MESURÉ;90;28;;aria-label;;;
INT-0564;#factures;Invité (démo, propriétaire);mobile-390;button;Démonstration;État de connexion : Démonstration;actif;;balayage C121/C129/C136;UX_EVIDENCE/inventaire/mobile-390__factures.png;MESURÉ;117;27;;aria-label;;;
INT-0565;#factures;Invité (démo, propriétaire);mobile-390;button;;Paramètres du compte;actif;;balayage C121/C129/C136;UX_EVIDENCE/inventaire/mobile-390__factures.png;MESURÉ;40;40;;aria-label;;;
INT-0566;#factures;Invité (démo, propriétaire);mobile-390;button;;Menu du profil utilisateur;actif;;balayage C121/C129/C136;UX_EVIDENCE/inventaire/mobile-390__factures.png;MESURÉ;55;40;;aria-label;;;
INT-0567;#factures;Invité (démo, propriétaire);mobile-390;button;;Exporter les factures en CSV;actif;;balayage C121/C129/C136 ; cité : G2;UX_EVIDENCE/inventaire/mobile-390__factures.png;MESURÉ + SCÉNARIO;56;40;;aria-label;;;
INT-0568;#factures;Invité (démo, propriétaire);mobile-390;button;Nouveau;Créer une facture depuis un devis;actif;;balayage C121/C129/C136;UX_EVIDENCE/inventaire/mobile-390__factures.png;MESURÉ;123;42;;aria-label;;non;
INT-0569;#factures;Invité (démo, propriétaire);mobile-390;input:search;;Rechercher dans les factures;actif;;balayage C121/C129/C136 ; cité : G3;UX_EVIDENCE/inventaire/mobile-390__factures.png;MESURÉ + SCÉNARIO;282;48;;aria-label;;;
INT-0570;#factures;Invité (démo, propriétaire);mobile-390;button;;Filtres avancés;actif;;balayage C121/C129/C136 ; cité : G2, G3;UX_EVIDENCE/inventaire/mobile-390__factures.png;MESURÉ + SCÉNARIO;54;38;;aria-label;;;
INT-0571;#factures;Invité (démo, propriétaire);mobile-390;button;Tous les statuts;Filtrer les factures par statut;actif;;balayage C121/C129/C136 ; cité : G2, G7;UX_EVIDENCE/inventaire/mobile-390__factures.png;MESURÉ + SCÉNARIO;26;34;;aria-label;;non;
INT-0572;#factures;Invité (démo, propriétaire);mobile-390;button;Toutes 0;Toutes 0;actif;;balayage C121/C129/C136 ; cité : G1, G2, G3, G7;UX_EVIDENCE/inventaire/mobile-390__factures.png;MESURÉ + SCÉNARIO;79;25;;contenu;;;
INT-0573;#factures;Invité (démo, propriétaire);mobile-390;button;Non réglées 0;Non réglées 0;actif;;balayage C121/C129/C136 ; cité : G2, G3;UX_EVIDENCE/inventaire/mobile-390__factures.png;MESURÉ + SCÉNARIO;119;25;;contenu;;;
INT-0574;#factures;Invité (démo, propriétaire);mobile-390;button;Partielles 0;Partielles 0;actif;;balayage C121/C129/C136 ; cité : G2, G3;UX_EVIDENCE/inventaire/mobile-390__factures.png;MESURÉ + SCÉNARIO;104;25;;contenu;;;
INT-0575;#factures;Invité (démo, propriétaire);mobile-390;button;Soldées 0;Soldées 0;actif;;balayage C121/C129/C136 ; cité : G2, G3;UX_EVIDENCE/inventaire/mobile-390__factures.png;MESURÉ + SCÉNARIO;96;25;;contenu;;;
INT-0576;#factures;Invité (démo, propriétaire);mobile-390;button;Avoirs 0;Avoirs 0;actif;;balayage C121/C129/C136 ; cité : G2, G3;UX_EVIDENCE/inventaire/mobile-390__factures.png;MESURÉ + SCÉNARIO;88;25;;contenu;;;
INT-0577;#factures;Invité (démo, propriétaire);mobile-390;button;Brouillons 0;Brouillons 0;actif;;balayage C121/C129/C136 ; cité : G2, G3;UX_EVIDENCE/inventaire/mobile-390__factures.png;MESURÉ + SCÉNARIO;109;25;;contenu;;;
INT-0578;#factures;Invité (démo, propriétaire);mobile-390;button;Accueil;Accueil;actif;;balayage C121/C129/C136;UX_EVIDENCE/inventaire/mobile-390__factures.png;MESURÉ;84;57;;contenu;;;
INT-0579;#factures;Invité (démo, propriétaire);mobile-390;button;Devis;Devis;actif;;balayage C121/C129/C136;UX_EVIDENCE/inventaire/mobile-390__factures.png;MESURÉ;84;57;;contenu;;;
INT-0580;#factures;Invité (démo, propriétaire);mobile-390;button;Chantiers;Chantiers;actif;;balayage C121/C129/C136;UX_EVIDENCE/inventaire/mobile-390__factures.png;MESURÉ;84;57;;contenu;;;
INT-0581;#factures;Invité (démo, propriétaire);mobile-390;button;Factures;Factures;actif;;balayage C121/C129/C136;UX_EVIDENCE/inventaire/mobile-390__factures.png;MESURÉ;84;57;;contenu;;;
INT-0582;#factures;Invité (démo, propriétaire);mobile-390;button;Menu;Ouvrir le menu de navigation;actif;;balayage C121/C129/C136;UX_EVIDENCE/inventaire/mobile-390__factures.png;MESURÉ;48;48;;aria-label;;;
INT-0583;#depenses;Invité (démo, propriétaire);mobile-390;link;Aller au contenu principal;Aller au contenu principal;actif;;balayage C121/C129/C136;UX_EVIDENCE/inventaire/mobile-390__depenses.png;MESURÉ;1;1;oui;contenu;;;#main-content
INT-0584;#depenses;Invité (démo, propriétaire);mobile-390;button;;ikadevis - Tableau de bord;actif;;balayage C121/C129/C136;UX_EVIDENCE/inventaire/mobile-390__depenses.png;MESURÉ;90;28;;aria-label;;;
INT-0585;#depenses;Invité (démo, propriétaire);mobile-390;button;Démonstration;État de connexion : Démonstration;actif;;balayage C121/C129/C136;UX_EVIDENCE/inventaire/mobile-390__depenses.png;MESURÉ;117;27;;aria-label;;;
INT-0586;#depenses;Invité (démo, propriétaire);mobile-390;button;;Paramètres du compte;actif;;balayage C121/C129/C136;UX_EVIDENCE/inventaire/mobile-390__depenses.png;MESURÉ;40;40;;aria-label;;;
INT-0587;#depenses;Invité (démo, propriétaire);mobile-390;button;;Menu du profil utilisateur;actif;;balayage C121/C129/C136;UX_EVIDENCE/inventaire/mobile-390__depenses.png;MESURÉ;55;40;;aria-label;;;
INT-0588;#depenses;Invité (démo, propriétaire);mobile-390;button;Nouvelle dépense;Nouvelle dépense;actif;;balayage C121/C129/C136 ; cité : G2, G3;UX_EVIDENCE/inventaire/mobile-390__depenses.png;MESURÉ + SCÉNARIO;181;44;;contenu;;;
INT-0589;#depenses;Invité (démo, propriétaire);mobile-390;button;Rentabilité du chantier · prévu et dépenses réelles;Rentabilité du chantier · prévu et dépenses réelles;actif;;balayage C121/C129/C136;UX_EVIDENCE/inventaire/mobile-390__depenses.png;MESURÉ;332;80;;contenu;;;
INT-0590;#depenses;Invité (démo, propriétaire);mobile-390;combobox;;Chantier à analyser;actif;;balayage C121/C129/C136 ; cité : G6;UX_EVIDENCE/inventaire/mobile-390__depenses.png;MESURÉ + SCÉNARIO;300;50;;aria-label;;;
INT-0591;#depenses;Invité (démo, propriétaire);mobile-390;combobox;;Devis de référence;désactivé;;balayage C121/C129/C136 ; cité : G6;UX_EVIDENCE/inventaire/mobile-390__depenses.png;MESURÉ + SCÉNARIO;300;50;;aria-label;;;
INT-0592;#depenses;Invité (démo, propriétaire);mobile-390;button;Ajouter un compte;Ajouter un compte;actif;;balayage C121/C129/C136 ; cité : G2, G3, G6, suite;UX_EVIDENCE/inventaire/mobile-390__depenses.png;MESURÉ + SCÉNARIO;168;42;;contenu;;;
INT-0593;#depenses;Invité (démo, propriétaire);mobile-390;tab;Toutes;Toutes;actif;;balayage C121/C129/C136 ; cité : G1, G2, G3, G4, G5, G6 …;UX_EVIDENCE/inventaire/mobile-390__depenses.png;MESURÉ + SCÉNARIO;65;30;;contenu;;;
INT-0594;#depenses;Invité (démo, propriétaire);mobile-390;tab;À payer;À payer;actif;;balayage C121/C129/C136 ; cité : G2, G3, G6, G9, suite;UX_EVIDENCE/inventaire/mobile-390__depenses.png;MESURÉ + SCÉNARIO;70;30;;contenu;;;
INT-0595;#depenses;Invité (démo, propriétaire);mobile-390;tab;Payées;Payées;actif;;balayage C121/C129/C136 ; cité : G2, G3;UX_EVIDENCE/inventaire/mobile-390__depenses.png;MESURÉ + SCÉNARIO;66;30;;contenu;;;
INT-0596;#depenses;Invité (démo, propriétaire);mobile-390;tab;Avances à rembourser;Avances à rembourser;actif;;balayage C121/C129/C136 ; cité : G3, G6, suite;UX_EVIDENCE/inventaire/mobile-390__depenses.png;MESURÉ + SCÉNARIO;156;30;;contenu;;;
INT-0597;#depenses;Invité (démo, propriétaire);mobile-390;input:search;;Rechercher une dépense;actif;;balayage C121/C129/C136 ; cité : G3;UX_EVIDENCE/inventaire/mobile-390__depenses.png;MESURÉ + SCÉNARIO;334;50;;aria-label;;;
INT-0598;#depenses;Invité (démo, propriétaire);mobile-390;button;Accueil;Accueil;actif;;balayage C121/C129/C136;UX_EVIDENCE/inventaire/mobile-390__depenses.png;MESURÉ;84;57;;contenu;;;
INT-0599;#depenses;Invité (démo, propriétaire);mobile-390;button;Devis;Devis;actif;;balayage C121/C129/C136;UX_EVIDENCE/inventaire/mobile-390__depenses.png;MESURÉ;84;57;;contenu;;;
INT-0600;#depenses;Invité (démo, propriétaire);mobile-390;button;Chantiers;Chantiers;actif;;balayage C121/C129/C136;UX_EVIDENCE/inventaire/mobile-390__depenses.png;MESURÉ;84;57;;contenu;;;
INT-0601;#depenses;Invité (démo, propriétaire);mobile-390;button;Factures;Factures;actif;;balayage C121/C129/C136;UX_EVIDENCE/inventaire/mobile-390__depenses.png;MESURÉ;84;57;;contenu;;;
INT-0602;#depenses;Invité (démo, propriétaire);mobile-390;button;Menu;Ouvrir le menu de navigation;actif;;balayage C121/C129/C136;UX_EVIDENCE/inventaire/mobile-390__depenses.png;MESURÉ;48;48;;aria-label;;;
INT-0603;#ouvrages;Invité (démo, propriétaire);mobile-390;link;Aller au contenu principal;Aller au contenu principal;actif;;balayage C121/C129/C136;UX_EVIDENCE/inventaire/mobile-390__ouvrages.png;MESURÉ;1;1;oui;contenu;;;#main-content
INT-0604;#ouvrages;Invité (démo, propriétaire);mobile-390;button;;ikadevis - Tableau de bord;actif;;balayage C121/C129/C136;UX_EVIDENCE/inventaire/mobile-390__ouvrages.png;MESURÉ;90;28;;aria-label;;;
INT-0605;#ouvrages;Invité (démo, propriétaire);mobile-390;button;Démonstration;État de connexion : Démonstration;actif;;balayage C121/C129/C136;UX_EVIDENCE/inventaire/mobile-390__ouvrages.png;MESURÉ;117;27;;aria-label;;;
INT-0606;#ouvrages;Invité (démo, propriétaire);mobile-390;button;;Paramètres du compte;actif;;balayage C121/C129/C136;UX_EVIDENCE/inventaire/mobile-390__ouvrages.png;MESURÉ;40;40;;aria-label;;;
INT-0607;#ouvrages;Invité (démo, propriétaire);mobile-390;button;;Menu du profil utilisateur;actif;;balayage C121/C129/C136;UX_EVIDENCE/inventaire/mobile-390__ouvrages.png;MESURÉ;55;40;;aria-label;;;
INT-0608;#ouvrages;Invité (démo, propriétaire);mobile-390;button;Nouvel Ouvrage;Créer un nouvel ouvrage au catalogue;actif;;balayage C121/C129/C136;UX_EVIDENCE/inventaire/mobile-390__ouvrages.png;MESURÉ;160;58;;aria-label;;;
INT-0609;#ouvrages;Invité (démo, propriétaire);mobile-390;input:text;;Rechercher un ouvrage dans le catalogue;actif;;balayage C121/C129/C136;UX_EVIDENCE/inventaire/mobile-390__ouvrages.png;MESURÉ;366;40;;aria-label;;;
INT-0610;#ouvrages;Invité (démo, propriétaire);mobile-390;button;Fouilles en Pleine Masse & Terrassement BTP;Sélectionner l'ouvrage Fouilles en Pleine Masse & Terrassement BTP;actif;;balayage C121/C129/C136;UX_EVIDENCE/inventaire/mobile-390__ouvrages.png;MESURÉ;206;39;;aria-label;;;
INT-0611;#ouvrages;Invité (démo, propriétaire);mobile-390;button;;Modifier Fouilles en Pleine Masse & Terrassement BTP;actif;;balayage C121/C129/C136;UX_EVIDENCE/inventaire/mobile-390__ouvrages.png;MESURÉ;40;40;;aria-label;;;
INT-0612;#ouvrages;Invité (démo, propriétaire);mobile-390;button;;Dupliquer Fouilles en Pleine Masse & Terrassement BTP;actif;;balayage C121/C129/C136;UX_EVIDENCE/inventaire/mobile-390__ouvrages.png;MESURÉ;40;40;;aria-label;;;
INT-0613;#ouvrages;Invité (démo, propriétaire);mobile-390;button;;Supprimer Fouilles en Pleine Masse & Terrassement BTP;actif;;balayage C121/C129/C136;UX_EVIDENCE/inventaire/mobile-390__ouvrages.png;MESURÉ;40;40;;aria-label;;;
INT-0614;#ouvrages;Invité (démo, propriétaire);mobile-390;button;Béton Armé pour Fondations, Poteaux & Chaînages;Sélectionner l'ouvrage Béton Armé pour Fondations, Poteaux & Chaînages;actif;;balayage C121/C129/C136;UX_EVIDENCE/inventaire/mobile-390__ouvrages.png;MESURÉ;206;39;;aria-label;;;
INT-0615;#ouvrages;Invité (démo, propriétaire);mobile-390;button;;Modifier Béton Armé pour Fondations, Poteaux & Chaînages;actif;;balayage C121/C129/C136;UX_EVIDENCE/inventaire/mobile-390__ouvrages.png;MESURÉ;40;40;;aria-label;;;
INT-0616;#ouvrages;Invité (démo, propriétaire);mobile-390;button;;Dupliquer Béton Armé pour Fondations, Poteaux & Chaînages;actif;;balayage C121/C129/C136;UX_EVIDENCE/inventaire/mobile-390__ouvrages.png;MESURÉ;40;40;;aria-label;;;
INT-0617;#ouvrages;Invité (démo, propriétaire);mobile-390;button;;Supprimer Béton Armé pour Fondations, Poteaux & Chaînages;actif;;balayage C121/C129/C136;UX_EVIDENCE/inventaire/mobile-390__ouvrages.png;MESURÉ;40;40;;aria-label;;;
INT-0618;#ouvrages;Invité (démo, propriétaire);mobile-390;button;Maçonnerie en Murs d’Agglos de 15;Sélectionner l'ouvrage Maçonnerie en Murs d’Agglos de 15;actif;;balayage C121/C129/C136;UX_EVIDENCE/inventaire/mobile-390__ouvrages.png;MESURÉ;206;39;;aria-label;;;
INT-0619;#ouvrages;Invité (démo, propriétaire);mobile-390;button;;Modifier Maçonnerie en Murs d’Agglos de 15;actif;;balayage C121/C129/C136;UX_EVIDENCE/inventaire/mobile-390__ouvrages.png;MESURÉ;40;40;;aria-label;;;
INT-0620;#ouvrages;Invité (démo, propriétaire);mobile-390;button;;Dupliquer Maçonnerie en Murs d’Agglos de 15;actif;;balayage C121/C129/C136;UX_EVIDENCE/inventaire/mobile-390__ouvrages.png;MESURÉ;40;40;;aria-label;;;
INT-0621;#ouvrages;Invité (démo, propriétaire);mobile-390;button;;Supprimer Maçonnerie en Murs d’Agglos de 15;actif;;balayage C121/C129/C136;UX_EVIDENCE/inventaire/mobile-390__ouvrages.png;MESURÉ;40;40;;aria-label;;;
INT-0622;#ouvrages;Invité (démo, propriétaire);mobile-390;button;Revêtement Sol en Carrelage Grès Cérame 60x60;Sélectionner l'ouvrage Revêtement Sol en Carrelage Grès Cérame 60x60;actif;;balayage C121/C129/C136;UX_EVIDENCE/inventaire/mobile-390__ouvrages.png;MESURÉ;206;39;;aria-label;;;
INT-0623;#ouvrages;Invité (démo, propriétaire);mobile-390;button;;Modifier Revêtement Sol en Carrelage Grès Cérame 60x60;actif;;balayage C121/C129/C136;UX_EVIDENCE/inventaire/mobile-390__ouvrages.png;MESURÉ;40;40;;aria-label;;;
INT-0624;#ouvrages;Invité (démo, propriétaire);mobile-390;button;;Dupliquer Revêtement Sol en Carrelage Grès Cérame 60x60;actif;;balayage C121/C129/C136;UX_EVIDENCE/inventaire/mobile-390__ouvrages.png;MESURÉ;40;40;;aria-label;;;
INT-0625;#ouvrages;Invité (démo, propriétaire);mobile-390;button;;Supprimer Revêtement Sol en Carrelage Grès Cérame 60x60;actif;;balayage C121/C129/C136;UX_EVIDENCE/inventaire/mobile-390__ouvrages.png;MESURÉ;40;40;;aria-label;;;
INT-0626;#ouvrages;Invité (démo, propriétaire);mobile-390;button;Cloison de Distribution Placostil BA13 72/48 avec Laine de Verre;Sélectionner l'ouvrage Cloison de Distribution Placostil BA13 72/48 avec Laine de Verre;actif;;balayage C121/C129/C136;UX_EVIDENCE/inventaire/mobile-390__ouvrages.png;MESURÉ;206;39;;aria-label;;;
INT-0627;#ouvrages;Invité (démo, propriétaire);mobile-390;button;;Modifier Cloison de Distribution Placostil BA13 72/48 avec Laine de Verre;actif;;balayage C121/C129/C136;UX_EVIDENCE/inventaire/mobile-390__ouvrages.png;MESURÉ;40;40;;aria-label;;;
INT-0628;#ouvrages;Invité (démo, propriétaire);mobile-390;button;;Dupliquer Cloison de Distribution Placostil BA13 72/48 avec Laine de Verre;actif;;balayage C121/C129/C136;UX_EVIDENCE/inventaire/mobile-390__ouvrages.png;MESURÉ;40;40;;aria-label;;;
INT-0629;#ouvrages;Invité (démo, propriétaire);mobile-390;button;;Supprimer Cloison de Distribution Placostil BA13 72/48 avec Laine de Verre;actif;;balayage C121/C129/C136;UX_EVIDENCE/inventaire/mobile-390__ouvrages.png;MESURÉ;40;40;;aria-label;;;
INT-0630;#ouvrages;Invité (démo, propriétaire);mobile-390;button;Faux-Plafond Suspendu BA13 sur Ossature Métallique F530;Sélectionner l'ouvrage Faux-Plafond Suspendu BA13 sur Ossature Métallique F530;actif;;balayage C121/C129/C136;UX_EVIDENCE/inventaire/mobile-390__ouvrages.png;MESURÉ;206;39;;aria-label;;;
INT-0631;#ouvrages;Invité (démo, propriétaire);mobile-390;button;;Modifier Faux-Plafond Suspendu BA13 sur Ossature Métallique F530;actif;;balayage C121/C129/C136;UX_EVIDENCE/inventaire/mobile-390__ouvrages.png;MESURÉ;40;40;;aria-label;;;
INT-0632;#ouvrages;Invité (démo, propriétaire);mobile-390;button;;Dupliquer Faux-Plafond Suspendu BA13 sur Ossature Métallique F530;actif;;balayage C121/C129/C136;UX_EVIDENCE/inventaire/mobile-390__ouvrages.png;MESURÉ;40;40;;aria-label;;;
INT-0633;#ouvrages;Invité (démo, propriétaire);mobile-390;button;;Supprimer Faux-Plafond Suspendu BA13 sur Ossature Métallique F530;actif;;balayage C121/C129/C136;UX_EVIDENCE/inventaire/mobile-390__ouvrages.png;MESURÉ;40;40;;aria-label;;;
INT-0634;#ouvrages;Invité (démo, propriétaire);mobile-390;button;Installation Électrique Basse Tension & Tableaux;Sélectionner l'ouvrage Installation Électrique Basse Tension & Tableaux;actif;;balayage C121/C129/C136;UX_EVIDENCE/inventaire/mobile-390__ouvrages.png;MESURÉ;206;39;;aria-label;;;
INT-0635;#ouvrages;Invité (démo, propriétaire);mobile-390;button;;Modifier Installation Électrique Basse Tension & Tableaux;actif;;balayage C121/C129/C136;UX_EVIDENCE/inventaire/mobile-390__ouvrages.png;MESURÉ;40;40;;aria-label;;;
INT-0636;#ouvrages;Invité (démo, propriétaire);mobile-390;button;;Dupliquer Installation Électrique Basse Tension & Tableaux;actif;;balayage C121/C129/C136;UX_EVIDENCE/inventaire/mobile-390__ouvrages.png;MESURÉ;40;40;;aria-label;;;
INT-0637;#ouvrages;Invité (démo, propriétaire);mobile-390;button;;Supprimer Installation Électrique Basse Tension & Tableaux;actif;;balayage C121/C129/C136;UX_EVIDENCE/inventaire/mobile-390__ouvrages.png;MESURÉ;40;40;;aria-label;;;
INT-0638;#ouvrages;Invité (démo, propriétaire);mobile-390;button;Réseau Plomberie Sanitaire Multicouche & Évacuations PVC;Sélectionner l'ouvrage Réseau Plomberie Sanitaire Multicouche & Évacuations PVC;actif;;balayage C121/C129/C136;UX_EVIDENCE/inventaire/mobile-390__ouvrages.png;MESURÉ;206;39;;aria-label;;;
INT-0639;#ouvrages;Invité (démo, propriétaire);mobile-390;button;;Modifier Réseau Plomberie Sanitaire Multicouche & Évacuations PVC;actif;;balayage C121/C129/C136;UX_EVIDENCE/inventaire/mobile-390__ouvrages.png;MESURÉ;40;40;;aria-label;;;
INT-0640;#ouvrages;Invité (démo, propriétaire);mobile-390;button;;Dupliquer Réseau Plomberie Sanitaire Multicouche & Évacuations PVC;actif;;balayage C121/C129/C136;UX_EVIDENCE/inventaire/mobile-390__ouvrages.png;MESURÉ;40;40;;aria-label;;;
INT-0641;#ouvrages;Invité (démo, propriétaire);mobile-390;button;;Supprimer Réseau Plomberie Sanitaire Multicouche & Évacuations PVC;actif;;balayage C121/C129/C136;UX_EVIDENCE/inventaire/mobile-390__ouvrages.png;MESURÉ;40;40;;aria-label;;;
INT-0642;#ouvrages;Invité (démo, propriétaire);mobile-390;button;Peinture Murale Satinée BTP;Sélectionner l'ouvrage Peinture Murale Satinée BTP;actif;;balayage C121/C129/C136;UX_EVIDENCE/inventaire/mobile-390__ouvrages.png;MESURÉ;206;39;;aria-label;;;
INT-0643;#ouvrages;Invité (démo, propriétaire);mobile-390;button;;Modifier Peinture Murale Satinée BTP;actif;;balayage C121/C129/C136;UX_EVIDENCE/inventaire/mobile-390__ouvrages.png;MESURÉ;40;40;;aria-label;;;
INT-0644;#ouvrages;Invité (démo, propriétaire);mobile-390;button;;Dupliquer Peinture Murale Satinée BTP;actif;;balayage C121/C129/C136;UX_EVIDENCE/inventaire/mobile-390__ouvrages.png;MESURÉ;40;40;;aria-label;;;
INT-0645;#ouvrages;Invité (démo, propriétaire);mobile-390;button;;Supprimer Peinture Murale Satinée BTP;actif;;balayage C121/C129/C136;UX_EVIDENCE/inventaire/mobile-390__ouvrages.png;MESURÉ;40;40;;aria-label;;;
INT-0646;#ouvrages;Invité (démo, propriétaire);mobile-390;button;Enduit Ciment Hydrofuge 2 Passes Extérieur/Intérieur;Sélectionner l'ouvrage Enduit Ciment Hydrofuge 2 Passes Extérieur/Intérieur;actif;;balayage C121/C129/C136;UX_EVIDENCE/inventaire/mobile-390__ouvrages.png;MESURÉ;206;39;;aria-label;;;
INT-0647;#ouvrages;Invité (démo, propriétaire);mobile-390;button;;Modifier Enduit Ciment Hydrofuge 2 Passes Extérieur/Intérieur;actif;;balayage C121/C129/C136;UX_EVIDENCE/inventaire/mobile-390__ouvrages.png;MESURÉ;40;40;;aria-label;;;
INT-0648;#ouvrages;Invité (démo, propriétaire);mobile-390;button;;Dupliquer Enduit Ciment Hydrofuge 2 Passes Extérieur/Intérieur;actif;;balayage C121/C129/C136;UX_EVIDENCE/inventaire/mobile-390__ouvrages.png;MESURÉ;40;40;;aria-label;;;
INT-0649;#ouvrages;Invité (démo, propriétaire);mobile-390;button;;Supprimer Enduit Ciment Hydrofuge 2 Passes Extérieur/Intérieur;actif;;balayage C121/C129/C136;UX_EVIDENCE/inventaire/mobile-390__ouvrages.png;MESURÉ;40;40;;aria-label;;;
INT-0650;#ouvrages;Invité (démo, propriétaire);mobile-390;button;Habillage Façade en Panneaux Alucobond / ACM;Sélectionner l'ouvrage Habillage Façade en Panneaux Alucobond / ACM;actif;;balayage C121/C129/C136;UX_EVIDENCE/inventaire/mobile-390__ouvrages.png;MESURÉ;206;39;;aria-label;;;
INT-0651;#ouvrages;Invité (démo, propriétaire);mobile-390;button;;Modifier Habillage Façade en Panneaux Alucobond / ACM;actif;;balayage C121/C129/C136;UX_EVIDENCE/inventaire/mobile-390__ouvrages.png;MESURÉ;40;40;;aria-label;;;
INT-0652;#ouvrages;Invité (démo, propriétaire);mobile-390;button;;Dupliquer Habillage Façade en Panneaux Alucobond / ACM;actif;;balayage C121/C129/C136;UX_EVIDENCE/inventaire/mobile-390__ouvrages.png;MESURÉ;40;40;;aria-label;;;
INT-0653;#ouvrages;Invité (démo, propriétaire);mobile-390;button;;Supprimer Habillage Façade en Panneaux Alucobond / ACM;actif;;balayage C121/C129/C136;UX_EVIDENCE/inventaire/mobile-390__ouvrages.png;MESURÉ;40;40;;aria-label;;;
INT-0654;#ouvrages;Invité (démo, propriétaire);mobile-390;button;Menuiserie Aluminium & Baie Vitrée Coulissante;Sélectionner l'ouvrage Menuiserie Aluminium & Baie Vitrée Coulissante;actif;;balayage C121/C129/C136;UX_EVIDENCE/inventaire/mobile-390__ouvrages.png;MESURÉ;206;39;;aria-label;;;
INT-0655;#ouvrages;Invité (démo, propriétaire);mobile-390;button;;Modifier Menuiserie Aluminium & Baie Vitrée Coulissante;actif;;balayage C121/C129/C136;UX_EVIDENCE/inventaire/mobile-390__ouvrages.png;MESURÉ;40;40;;aria-label;;;
INT-0656;#ouvrages;Invité (démo, propriétaire);mobile-390;button;;Dupliquer Menuiserie Aluminium & Baie Vitrée Coulissante;actif;;balayage C121/C129/C136;UX_EVIDENCE/inventaire/mobile-390__ouvrages.png;MESURÉ;40;40;;aria-label;;;
INT-0657;#ouvrages;Invité (démo, propriétaire);mobile-390;button;;Supprimer Menuiserie Aluminium & Baie Vitrée Coulissante;actif;;balayage C121/C129/C136;UX_EVIDENCE/inventaire/mobile-390__ouvrages.png;MESURÉ;40;40;;aria-label;;;
INT-0658;#ouvrages;Invité (démo, propriétaire);mobile-390;button;Garde-Corps Métallerie (Plan de Débit 1D);Sélectionner l'ouvrage Garde-Corps Métallerie (Plan de Débit 1D);actif;;balayage C121/C129/C136;UX_EVIDENCE/inventaire/mobile-390__ouvrages.png;MESURÉ;206;39;;aria-label;;;
INT-0659;#ouvrages;Invité (démo, propriétaire);mobile-390;button;;Modifier Garde-Corps Métallerie (Plan de Débit 1D);actif;;balayage C121/C129/C136;UX_EVIDENCE/inventaire/mobile-390__ouvrages.png;MESURÉ;40;40;;aria-label;;;
INT-0660;#ouvrages;Invité (démo, propriétaire);mobile-390;button;;Dupliquer Garde-Corps Métallerie (Plan de Débit 1D);actif;;balayage C121/C129/C136;UX_EVIDENCE/inventaire/mobile-390__ouvrages.png;MESURÉ;40;40;;aria-label;;;
INT-0661;#ouvrages;Invité (démo, propriétaire);mobile-390;button;;Supprimer Garde-Corps Métallerie (Plan de Débit 1D);actif;;balayage C121/C129/C136;UX_EVIDENCE/inventaire/mobile-390__ouvrages.png;MESURÉ;40;40;;aria-label;;;
INT-0662;#ouvrages;Invité (démo, propriétaire);mobile-390;button;Dressing Menuiserie sur Mesure (Caissons);Sélectionner l'ouvrage Dressing Menuiserie sur Mesure (Caissons);actif;;balayage C121/C129/C136;UX_EVIDENCE/inventaire/mobile-390__ouvrages.png;MESURÉ;206;39;;aria-label;;;
INT-0663;#ouvrages;Invité (démo, propriétaire);mobile-390;button;;Modifier Dressing Menuiserie sur Mesure (Caissons);actif;;balayage C121/C129/C136;UX_EVIDENCE/inventaire/mobile-390__ouvrages.png;MESURÉ;40;40;;aria-label;;;
INT-0664;#ouvrages;Invité (démo, propriétaire);mobile-390;button;;Dupliquer Dressing Menuiserie sur Mesure (Caissons);actif;;balayage C121/C129/C136;UX_EVIDENCE/inventaire/mobile-390__ouvrages.png;MESURÉ;40;40;;aria-label;;;
INT-0665;#ouvrages;Invité (démo, propriétaire);mobile-390;button;;Supprimer Dressing Menuiserie sur Mesure (Caissons);actif;;balayage C121/C129/C136;UX_EVIDENCE/inventaire/mobile-390__ouvrages.png;MESURÉ;40;40;;aria-label;;;
INT-0666;#ouvrages;Invité (démo, propriétaire);mobile-390;button;Panneau avec cadre métallique et autocollant;Sélectionner l'ouvrage Panneau avec cadre métallique et autocollant;actif;;balayage C121/C129/C136;UX_EVIDENCE/inventaire/mobile-390__ouvrages.png;MESURÉ;206;39;;aria-label;;;
INT-0667;#ouvrages;Invité (démo, propriétaire);mobile-390;button;;Modifier Panneau avec cadre métallique et autocollant;actif;;balayage C121/C129/C136;UX_EVIDENCE/inventaire/mobile-390__ouvrages.png;MESURÉ;40;40;;aria-label;;;
INT-0668;#ouvrages;Invité (démo, propriétaire);mobile-390;button;;Dupliquer Panneau avec cadre métallique et autocollant;actif;;balayage C121/C129/C136;UX_EVIDENCE/inventaire/mobile-390__ouvrages.png;MESURÉ;40;40;;aria-label;;;
INT-0669;#ouvrages;Invité (démo, propriétaire);mobile-390;button;;Supprimer Panneau avec cadre métallique et autocollant;actif;;balayage C121/C129/C136;UX_EVIDENCE/inventaire/mobile-390__ouvrages.png;MESURÉ;40;40;;aria-label;;;
INT-0670;#ouvrages;Invité (démo, propriétaire);mobile-390;button;Caisson Enseigne Lumineuse LED Double Face;Sélectionner l'ouvrage Caisson Enseigne Lumineuse LED Double Face;actif;;balayage C121/C129/C136 ; cité : G1;UX_EVIDENCE/inventaire/mobile-390__ouvrages.png;MESURÉ + SCÉNARIO;206;39;;aria-label;;;
INT-0671;#ouvrages;Invité (démo, propriétaire);mobile-390;button;;Modifier Caisson Enseigne Lumineuse LED Double Face;actif;;balayage C121/C129/C136;UX_EVIDENCE/inventaire/mobile-390__ouvrages.png;MESURÉ;40;40;;aria-label;;;
INT-0672;#ouvrages;Invité (démo, propriétaire);mobile-390;button;;Dupliquer Caisson Enseigne Lumineuse LED Double Face;actif;;balayage C121/C129/C136;UX_EVIDENCE/inventaire/mobile-390__ouvrages.png;MESURÉ;40;40;;aria-label;;;
INT-0673;#ouvrages;Invité (démo, propriétaire);mobile-390;button;;Supprimer Caisson Enseigne Lumineuse LED Double Face;actif;;balayage C121/C129/C136;UX_EVIDENCE/inventaire/mobile-390__ouvrages.png;MESURÉ;40;40;;aria-label;;;
INT-0674;#ouvrages;Invité (démo, propriétaire);mobile-390;button;Lettres Reliefs Découpées Plexiglas Rétroéclairées LED;Sélectionner l'ouvrage Lettres Reliefs Découpées Plexiglas Rétroéclairées LED;actif;;balayage C121/C129/C136;UX_EVIDENCE/inventaire/mobile-390__ouvrages.png;MESURÉ;206;39;;aria-label;;;
INT-0675;#ouvrages;Invité (démo, propriétaire);mobile-390;button;;Modifier Lettres Reliefs Découpées Plexiglas Rétroéclairées LED;actif;;balayage C121/C129/C136;UX_EVIDENCE/inventaire/mobile-390__ouvrages.png;MESURÉ;40;40;;aria-label;;;
INT-0676;#ouvrages;Invité (démo, propriétaire);mobile-390;button;;Dupliquer Lettres Reliefs Découpées Plexiglas Rétroéclairées LED;actif;;balayage C121/C129/C136;UX_EVIDENCE/inventaire/mobile-390__ouvrages.png;MESURÉ;40;40;;aria-label;;;
INT-0677;#ouvrages;Invité (démo, propriétaire);mobile-390;button;;Supprimer Lettres Reliefs Découpées Plexiglas Rétroéclairées LED;actif;;balayage C121/C129/C136;UX_EVIDENCE/inventaire/mobile-390__ouvrages.png;MESURÉ;40;40;;aria-label;;;
INT-0678;#ouvrages;Invité (démo, propriétaire);mobile-390;button;Accueil;Accueil;actif;;balayage C121/C129/C136;UX_EVIDENCE/inventaire/mobile-390__ouvrages.png;MESURÉ;84;57;;contenu;;;
INT-0679;#ouvrages;Invité (démo, propriétaire);mobile-390;button;Devis;Devis;actif;;balayage C121/C129/C136;UX_EVIDENCE/inventaire/mobile-390__ouvrages.png;MESURÉ;84;57;;contenu;;;
INT-0680;#ouvrages;Invité (démo, propriétaire);mobile-390;button;Chantiers;Chantiers;actif;;balayage C121/C129/C136;UX_EVIDENCE/inventaire/mobile-390__ouvrages.png;MESURÉ;84;57;;contenu;;;
INT-0681;#ouvrages;Invité (démo, propriétaire);mobile-390;button;Factures;Factures;actif;;balayage C121/C129/C136;UX_EVIDENCE/inventaire/mobile-390__ouvrages.png;MESURÉ;84;57;;contenu;;;
INT-0682;#ouvrages;Invité (démo, propriétaire);mobile-390;button;Menu;Ouvrir le menu de navigation;actif;;balayage C121/C129/C136;UX_EVIDENCE/inventaire/mobile-390__ouvrages.png;MESURÉ;48;48;;aria-label;;;
INT-0683;#materiaux;Invité (démo, propriétaire);mobile-390;link;Aller au contenu principal;Aller au contenu principal;actif;;balayage C121/C129/C136;UX_EVIDENCE/inventaire/mobile-390__materiaux.png;MESURÉ;1;1;oui;contenu;;;#main-content
INT-0684;#materiaux;Invité (démo, propriétaire);mobile-390;button;;ikadevis - Tableau de bord;actif;;balayage C121/C129/C136;UX_EVIDENCE/inventaire/mobile-390__materiaux.png;MESURÉ;90;28;;aria-label;;;
INT-0685;#materiaux;Invité (démo, propriétaire);mobile-390;button;Démonstration;État de connexion : Démonstration;actif;;balayage C121/C129/C136;UX_EVIDENCE/inventaire/mobile-390__materiaux.png;MESURÉ;117;27;;aria-label;;;
INT-0686;#materiaux;Invité (démo, propriétaire);mobile-390;button;;Paramètres du compte;actif;;balayage C121/C129/C136;UX_EVIDENCE/inventaire/mobile-390__materiaux.png;MESURÉ;40;40;;aria-label;;;
INT-0687;#materiaux;Invité (démo, propriétaire);mobile-390;button;;Menu du profil utilisateur;actif;;balayage C121/C129/C136;UX_EVIDENCE/inventaire/mobile-390__materiaux.png;MESURÉ;55;40;;aria-label;;;
INT-0688;#materiaux;Invité (démo, propriétaire);mobile-390;button;Matières (32);Voir la liste des matières premières;actif;;balayage C121/C129/C136;UX_EVIDENCE/inventaire/mobile-390__materiaux.png;MESURÉ;170;36;;aria-label;;non;
INT-0689;#materiaux;Invité (démo, propriétaire);mobile-390;button;Main-d'œuvre (19);Voir la liste de la main-d'œuvre;actif;;balayage C121/C129/C136;UX_EVIDENCE/inventaire/mobile-390__materiaux.png;MESURÉ;170;36;;aria-label;;non;
INT-0690;#materiaux;Invité (démo, propriétaire);mobile-390;button;Importer CSV;Importer un fichier CSV;actif;;balayage C121/C129/C136;UX_EVIDENCE/inventaire/mobile-390__materiaux.png;MESURÉ;179;42;;aria-label;;non;
INT-0691;#materiaux;Invité (démo, propriétaire);mobile-390;button;Export;Exporter au format CSV;actif;;balayage C121/C129/C136 ; cité : G9;UX_EVIDENCE/inventaire/mobile-390__materiaux.png;MESURÉ + SCÉNARIO;179;42;;aria-label;;;
INT-0692;#materiaux;Invité (démo, propriétaire);mobile-390;button;Nouvelle Matière;Ajouter une nouvelle matière;actif;;balayage C121/C129/C136 ; cité : G2, G3;UX_EVIDENCE/inventaire/mobile-390__materiaux.png;MESURÉ + SCÉNARIO;366;45;;aria-label;;;
INT-0693;#materiaux;Invité (démo, propriétaire);mobile-390;input:search;;Rechercher dans les ressources;actif;;balayage C121/C129/C136;UX_EVIDENCE/inventaire/mobile-390__materiaux.png;MESURÉ;366;48;;aria-label;;;
INT-0694;#materiaux;Invité (démo, propriétaire);mobile-390;button;Tube carré acier 25x25 (Cadres & Renforts) Fer 9 000 FCFA;Sélectionner Tube carré acier 25x25 (Cadres & Renforts);actif;;balayage C121/C129/C136;UX_EVIDENCE/inventaire/mobile-390__materiaux.png;MESURÉ;366;69;;aria-label;;;
INT-0695;#materiaux;Invité (démo, propriétaire);mobile-390;button;Autocollant imprimé VINYL HD Lamination Impression 5 000 FCFA;Sélectionner Autocollant imprimé VINYL HD Lamination;actif;;balayage C121/C129/C136;UX_EVIDENCE/inventaire/mobile-390__materiaux.png;MESURÉ;366;69;;aria-label;;non;
INT-0696;#materiaux;Invité (démo, propriétaire);mobile-390;button;Plaque de fond tôle galvanisée 10/10e Support 21 000 FCFA;Sélectionner Plaque de fond tôle galvanisée 10/10e;actif;;balayage C121/C129/C136;UX_EVIDENCE/inventaire/mobile-390__materiaux.png;MESURÉ;366;69;;aria-label;;non;
INT-0697;#materiaux;Invité (démo, propriétaire);mobile-390;button;Plaque Alucobond 4mm PVDF Extérieur Support 65 000 FCFA;Sélectionner Plaque Alucobond 4mm PVDF Extérieur;actif;;balayage C121/C129/C136 ; cité : G1;UX_EVIDENCE/inventaire/mobile-390__materiaux.png;MESURÉ + SCÉNARIO;366;69;;aria-label;;non;
INT-0698;#materiaux;Invité (démo, propriétaire);mobile-390;button;Peinture Murale Satinée Lessivable Peinture 45 000 FCFA;Sélectionner Peinture Murale Satinée Lessivable;actif;;balayage C121/C129/C136;UX_EVIDENCE/inventaire/mobile-390__materiaux.png;MESURÉ;366;69;;aria-label;;non;
INT-0699;#materiaux;Invité (démo, propriétaire);mobile-390;button;Béton prêt à l’emploi B25 dosé 350 kg/m³ BTP 85 000 FCFA;Sélectionner Béton prêt à l’emploi B25 dosé 350 kg/m³;actif;;balayage C121/C129/C136;UX_EVIDENCE/inventaire/mobile-390__materiaux.png;MESURÉ;366;69;;aria-label;;;
INT-0700;#materiaux;Invité (démo, propriétaire);mobile-390;button;Aciers Haute Adhérence FeE500 (HA 8 à 16) BTP 7 500 FCFA;Sélectionner Aciers Haute Adhérence FeE500 (HA 8 à 16);actif;;balayage C121/C129/C136;UX_EVIDENCE/inventaire/mobile-390__materiaux.png;MESURÉ;366;69;;aria-label;;;
INT-0701;#materiaux;Invité (démo, propriétaire);mobile-390;button;Agglos creux de 15x20x40 standard BTP 350 FCFA;Sélectionner Agglos creux de 15x20x40 standard;actif;;balayage C121/C129/C136;UX_EVIDENCE/inventaire/mobile-390__materiaux.png;MESURÉ;366;69;;aria-label;;non;
INT-0702;#materiaux;Invité (démo, propriétaire);mobile-390;button;Ciment CPJ 42.5 pour mortier de pose BTP 4 800 FCFA;Sélectionner Ciment CPJ 42.5 pour mortier de pose;actif;;balayage C121/C129/C136;UX_EVIDENCE/inventaire/mobile-390__materiaux.png;MESURÉ;366;69;;aria-label;;non;
INT-0703;#materiaux;Invité (démo, propriétaire);mobile-390;button;Carrelage Grès Cérame 60x60 Poli Rectifié Revêtement 13 000 FCFA;Sélectionner Carrelage Grès Cérame 60x60 Poli Rectifié;actif;;balayage C121/C129/C136;UX_EVIDENCE/inventaire/mobile-390__materiaux.png;MESURÉ;366;69;;aria-label;;;
INT-0704;#materiaux;Invité (démo, propriétaire);mobile-390;button;Colle carrelage C2TE & Joint hydrofuge Revêtement 5 500 FCFA;Sélectionner Colle carrelage C2TE & Joint hydrofuge;actif;;balayage C121/C129/C136;UX_EVIDENCE/inventaire/mobile-390__materiaux.png;MESURÉ;366;69;;aria-label;;non;
INT-0705;#materiaux;Invité (démo, propriétaire);mobile-390;button;Profilé Aluminium thermolaqué noir/blanc Menuiserie 18 000 FCFA;Sélectionner Profilé Aluminium thermolaqué noir/blanc;actif;;balayage C121/C129/C136;UX_EVIDENCE/inventaire/mobile-390__materiaux.png;MESURÉ;366;69;;aria-label;;;
INT-0706;#materiaux;Invité (démo, propriétaire);mobile-390;button;Vitrage feuilleté de sécurité 44.2 Menuiserie 28 000 FCFA;Sélectionner Vitrage feuilleté de sécurité 44.2;actif;;balayage C121/C129/C136;UX_EVIDENCE/inventaire/mobile-390__materiaux.png;MESURÉ;366;69;;aria-label;;non;
INT-0707;#materiaux;Invité (démo, propriétaire);mobile-390;button;Modules LED étanches IP67 1.2W Grand Angle Électricité 650 FCFA;Sélectionner Modules LED étanches IP67 1.2W Grand Angle;actif;;balayage C121/C129/C136;UX_EVIDENCE/inventaire/mobile-390__materiaux.png;MESURÉ;366;69;;aria-label;;;
INT-0708;#materiaux;Invité (démo, propriétaire);mobile-390;button;Alimentation étanche LED MeanWell 12V 200W Électricité 24 000 FCFA;Sélectionner Alimentation étanche LED MeanWell 12V 200W;actif;;balayage C121/C129/C136;UX_EVIDENCE/inventaire/mobile-390__materiaux.png;MESURÉ;366;69;;aria-label;;;
INT-0709;#materiaux;Invité (démo, propriétaire);mobile-390;button;Plaque Plexiglas Acrylique Diffusant 3mm Support 36 000 FCFA;Sélectionner Plaque Plexiglas Acrylique Diffusant 3mm;actif;;balayage C121/C129/C136;UX_EVIDENCE/inventaire/mobile-390__materiaux.png;MESURÉ;366;69;;aria-label;;;
INT-0710;#materiaux;Invité (démo, propriétaire);mobile-390;button;Bâche PVC 510g M1 Anti-reflet HD Impression 4 500 FCFA;Sélectionner Bâche PVC 510g M1 Anti-reflet HD;actif;;balayage C121/C129/C136;UX_EVIDENCE/inventaire/mobile-390__materiaux.png;MESURÉ;366;69;;aria-label;;non;
INT-0711;#materiaux;Invité (démo, propriétaire);mobile-390;button;Tube carré galvanisé 40x40 Ossature Façade Fer 15 000 FCFA;Sélectionner Tube carré galvanisé 40x40 Ossature Façade;actif;;balayage C121/C129/C136;UX_EVIDENCE/inventaire/mobile-390__materiaux.png;MESURÉ;366;69;;aria-label;;;
INT-0712;#materiaux;Invité (démo, propriétaire);mobile-390;button;Chevilles chimiques & Fixations M10 Quincaillerie 1 500 FCFA;Sélectionner Chevilles chimiques & Fixations M10;actif;;balayage C121/C129/C136;UX_EVIDENCE/inventaire/mobile-390__materiaux.png;MESURÉ;366;69;;aria-label;;non;
INT-0713;#materiaux;Invité (démo, propriétaire);mobile-390;button;Plaque de plâtre BA13 standard 2.50m x 1.20m Plâtrerie 6 500 FCFA;Sélectionner Plaque de plâtre BA13 standard 2.50m x 1.20m;actif;;balayage C121/C129/C136;UX_EVIDENCE/inventaire/mobile-390__materiaux.png;MESURÉ;366;69;;aria-label;;;
INT-0714;#materiaux;Invité (démo, propriétaire);mobile-390;button;Ossature métallique Rails R48 & Montants M48 Plâtrerie 2 800 FCFA;Sélectionner Ossature métallique Rails R48 & Montants M48;actif;;balayage C121/C129/C136;UX_EVIDENCE/inventaire/mobile-390__materiaux.png;MESURÉ;366;69;;aria-label;;;
INT-0715;#materiaux;Invité (démo, propriétaire);mobile-390;button;Laine de verre acoustique et thermique 45mm Isolation 25 000 FCFA;Sélectionner Laine de verre acoustique et thermique 45mm;actif;;balayage C121/C129/C136;UX_EVIDENCE/inventaire/mobile-390__materiaux.png;MESURÉ;366;69;;aria-label;;;
INT-0716;#materiaux;Invité (démo, propriétaire);mobile-390;button;Enduit à joint et bande microperforée Plâtrerie 8 500 FCFA;Sélectionner Enduit à joint et bande microperforée;actif;;balayage C121/C129/C136;UX_EVIDENCE/inventaire/mobile-390__materiaux.png;MESURÉ;366;69;;aria-label;;non;
INT-0717;#materiaux;Invité (démo, propriétaire);mobile-390;button;Tube multicouche gainé Ø16/20 pour eau chaude/froide Plomberie 45 000 FCFA;Sélectionner Tube multicouche gainé Ø16/20 pour eau chaude/froide;actif;;balayage C121/C129/C136;UX_EVIDENCE/inventaire/mobile-390__materiaux.png;MESURÉ;366;69;;aria-label;;;
INT-0718;#materiaux;Invité (démo, propriétaire);mobile-390;button;Tube PVC évacuation sanitaire Ø40/Ø100 Plomberie 6 500 FCFA;Sélectionner Tube PVC évacuation sanitaire Ø40/Ø100;actif;;balayage C121/C129/C136;UX_EVIDENCE/inventaire/mobile-390__materiaux.png;MESURÉ;366;69;;aria-label;;non;
INT-0719;#materiaux;Invité (démo, propriétaire);mobile-390;button;Câble cuivre d’alimentation R2V 3G2.5mm² Électricité 55 000 FCFA;Sélectionner Câble cuivre d’alimentation R2V 3G2.5mm²;actif;;balayage C121/C129/C136;UX_EVIDENCE/inventaire/mobile-390__materiaux.png;MESURÉ;366;69;;aria-label;;;
INT-0720;#materiaux;Invité (démo, propriétaire);mobile-390;button;Disjoncteur divisionnaire 16A/20A Phase+Neutre Électricité 4 500 FCFA;Sélectionner Disjoncteur divisionnaire 16A/20A Phase+Neutre;actif;;balayage C121/C129/C136;UX_EVIDENCE/inventaire/mobile-390__materiaux.png;MESURÉ;366;69;;aria-label;;;
INT-0721;#materiaux;Invité (démo, propriétaire);mobile-390;button;Mortier d’enduit ciment hydrofuge prêt à gâcher BTP 3 800 FCFA;Sélectionner Mortier d’enduit ciment hydrofuge prêt à gâcher;actif;;balayage C121/C129/C136;UX_EVIDENCE/inventaire/mobile-390__materiaux.png;MESURÉ;366;69;;aria-label;;;
INT-0722;#materiaux;Invité (démo, propriétaire);mobile-390;button;Panneau Mélaminé 18mm Hydrofuge (Plaque 6m²) Menuiserie 45 000 FCFA;Sélectionner Panneau Mélaminé 18mm Hydrofuge (Plaque 6m²);actif;;balayage C121/C129/C136;UX_EVIDENCE/inventaire/mobile-390__materiaux.png;MESURÉ;366;69;;aria-label;;;
INT-0723;#materiaux;Invité (démo, propriétaire);mobile-390;button;Tube carré acier 25x25 (Débit précis, Barre 6m) Fer 9 000 FCFA;Sélectionner Tube carré acier 25x25 (Débit précis, Barre 6m);actif;;balayage C121/C129/C136;UX_EVIDENCE/inventaire/mobile-390__materiaux.png;MESURÉ;366;69;;aria-label;;;
INT-0724;#materiaux;Invité (démo, propriétaire);mobile-390;button;Plaque Alucobond 4mm PVDF Extérieur (Calepinage précis) Support 65 000 FCFA;Sélectionner Plaque Alucobond 4mm PVDF Extérieur (Calepinage précis);actif;;balayage C121/C129/C136 ; cité : G1;UX_EVIDENCE/inventaire/mobile-390__materiaux.png;MESURÉ + SCÉNARIO;366;69;;aria-label;;;
INT-0725;#materiaux;Invité (démo, propriétaire);mobile-390;button;Plaque Plexiglas Acrylique Diffusant 3mm (Calepinage précis) Support 36 000 FCFA;Sélectionner Plaque Plexiglas Acrylique Diffusant 3mm (Calepinage précis);actif;;balayage C121/C129/C136;UX_EVIDENCE/inventaire/mobile-390__materiaux.png;MESURÉ;366;69;;aria-label;;;
INT-0726;#materiaux;Invité (démo, propriétaire);mobile-390;button;Accueil;Accueil;actif;;balayage C121/C129/C136;UX_EVIDENCE/inventaire/mobile-390__materiaux.png;MESURÉ;84;57;;contenu;;;
INT-0727;#materiaux;Invité (démo, propriétaire);mobile-390;button;Devis;Devis;actif;;balayage C121/C129/C136;UX_EVIDENCE/inventaire/mobile-390__materiaux.png;MESURÉ;84;57;;contenu;;;
INT-0728;#materiaux;Invité (démo, propriétaire);mobile-390;button;Chantiers;Chantiers;actif;;balayage C121/C129/C136;UX_EVIDENCE/inventaire/mobile-390__materiaux.png;MESURÉ;84;57;;contenu;;;
INT-0729;#materiaux;Invité (démo, propriétaire);mobile-390;button;Factures;Factures;actif;;balayage C121/C129/C136;UX_EVIDENCE/inventaire/mobile-390__materiaux.png;MESURÉ;84;57;;contenu;;;
INT-0730;#materiaux;Invité (démo, propriétaire);mobile-390;button;Menu;Ouvrir le menu de navigation;actif;;balayage C121/C129/C136;UX_EVIDENCE/inventaire/mobile-390__materiaux.png;MESURÉ;48;48;;aria-label;;;
INT-0731;#abonnement;Invité (démo, propriétaire);mobile-390;link;Aller au contenu principal;Aller au contenu principal;actif;;balayage C121/C129/C136;UX_EVIDENCE/inventaire/mobile-390__abonnement.png;MESURÉ;1;1;oui;contenu;;;#main-content
INT-0732;#abonnement;Invité (démo, propriétaire);mobile-390;button;;ikadevis - Tableau de bord;actif;;balayage C121/C129/C136;UX_EVIDENCE/inventaire/mobile-390__abonnement.png;MESURÉ;90;28;;aria-label;;;
INT-0733;#abonnement;Invité (démo, propriétaire);mobile-390;button;Démonstration;État de connexion : Démonstration;actif;;balayage C121/C129/C136;UX_EVIDENCE/inventaire/mobile-390__abonnement.png;MESURÉ;117;27;;aria-label;;;
INT-0734;#abonnement;Invité (démo, propriétaire);mobile-390;button;;Paramètres du compte;actif;;balayage C121/C129/C136;UX_EVIDENCE/inventaire/mobile-390__abonnement.png;MESURÉ;40;40;;aria-label;;;
INT-0735;#abonnement;Invité (démo, propriétaire);mobile-390;button;;Menu du profil utilisateur;actif;;balayage C121/C129/C136;UX_EVIDENCE/inventaire/mobile-390__abonnement.png;MESURÉ;55;40;;aria-label;;;
INT-0736;#abonnement;Invité (démo, propriétaire);mobile-390;button;Accueil;Accueil;actif;;balayage C121/C129/C136;UX_EVIDENCE/inventaire/mobile-390__abonnement.png;MESURÉ;84;57;;contenu;;;
INT-0737;#abonnement;Invité (démo, propriétaire);mobile-390;button;Devis;Devis;actif;;balayage C121/C129/C136;UX_EVIDENCE/inventaire/mobile-390__abonnement.png;MESURÉ;84;57;;contenu;;;
INT-0738;#abonnement;Invité (démo, propriétaire);mobile-390;button;Chantiers;Chantiers;actif;;balayage C121/C129/C136;UX_EVIDENCE/inventaire/mobile-390__abonnement.png;MESURÉ;84;57;;contenu;;;
INT-0739;#abonnement;Invité (démo, propriétaire);mobile-390;button;Factures;Factures;actif;;balayage C121/C129/C136;UX_EVIDENCE/inventaire/mobile-390__abonnement.png;MESURÉ;84;57;;contenu;;;
INT-0740;#abonnement;Invité (démo, propriétaire);mobile-390;button;Menu;Ouvrir le menu de navigation;actif;;balayage C121/C129/C136;UX_EVIDENCE/inventaire/mobile-390__abonnement.png;MESURÉ;48;48;;aria-label;;;
INT-0741;#abonnement;Invité (démo, propriétaire);mobile-390;button;;Retourner au tableau de bord;actif;;balayage C121/C129/C136;UX_EVIDENCE/inventaire/mobile-390__abonnement.png;MESURÉ;54;40;;aria-label;;;
INT-0742;#abonnement;Invité (démo, propriétaire);mobile-390;button;Abonnement & Licence;Section des paramètres;actif;;balayage C121/C129/C136;UX_EVIDENCE/inventaire/mobile-390__abonnement.png;MESURÉ;358;42;;aria-label;;non;
INT-0743;#abonnement;Invité (démo, propriétaire);mobile-390;button;Mensuel;Mensuel;actif;;balayage C121/C129/C136 ; cité : G5;UX_EVIDENCE/inventaire/mobile-390__abonnement.png;MESURÉ + SCÉNARIO;137;44;;contenu;;;
INT-0744;#abonnement;Invité (démo, propriétaire);mobile-390;button;Annuel −20 %;Annuel −20 %;actif;;balayage C121/C129/C136;UX_EVIDENCE/inventaire/mobile-390__abonnement.png;MESURÉ;137;44;;contenu;;;
INT-0745;#abonnement;Invité (démo, propriétaire);mobile-390;button;Votre formule actuelle;Votre formule actuelle;désactivé;;balayage C121/C129/C136 ; cité : G2;UX_EVIDENCE/inventaire/mobile-390__abonnement.png;MESURÉ + SCÉNARIO;240;44;;contenu;;;
INT-0746;#abonnement;Invité (démo, propriétaire);mobile-390;button;Choisir Standard;Choisir Standard;actif;;balayage C121/C129/C136;UX_EVIDENCE/inventaire/mobile-390__abonnement.png;MESURÉ;240;44;;contenu;;;
INT-0747;#abonnement;Invité (démo, propriétaire);mobile-390;button;Choisir Entreprise;Choisir Entreprise;actif;;balayage C121/C129/C136;UX_EVIDENCE/inventaire/mobile-390__abonnement.png;MESURÉ;240;44;;contenu;;;
INT-0748;#abonnement;Invité (démo, propriétaire);mobile-390;button;;Retourner à l'application;actif;;balayage C121/C129/C136 ; cité : G2, G6;UX_EVIDENCE/inventaire/mobile-390__abonnement.png;MESURÉ + SCÉNARIO;54;40;;aria-label;;;
INT-0749;#settings/entreprise;Invité (démo, propriétaire);mobile-390;link;Aller au contenu principal;Aller au contenu principal;actif;;balayage C121/C129/C136;UX_EVIDENCE/inventaire/mobile-390__settings_entreprise.png;MESURÉ;1;1;oui;contenu;;;#main-content
INT-0750;#settings/entreprise;Invité (démo, propriétaire);mobile-390;button;;ikadevis - Tableau de bord;actif;;balayage C121/C129/C136;UX_EVIDENCE/inventaire/mobile-390__settings_entreprise.png;MESURÉ;90;28;;aria-label;;;
INT-0751;#settings/entreprise;Invité (démo, propriétaire);mobile-390;button;Démonstration;État de connexion : Démonstration;actif;;balayage C121/C129/C136;UX_EVIDENCE/inventaire/mobile-390__settings_entreprise.png;MESURÉ;117;27;;aria-label;;;
INT-0752;#settings/entreprise;Invité (démo, propriétaire);mobile-390;button;;Paramètres du compte;actif;;balayage C121/C129/C136;UX_EVIDENCE/inventaire/mobile-390__settings_entreprise.png;MESURÉ;40;40;;aria-label;;;
INT-0753;#settings/entreprise;Invité (démo, propriétaire);mobile-390;button;;Menu du profil utilisateur;actif;;balayage C121/C129/C136;UX_EVIDENCE/inventaire/mobile-390__settings_entreprise.png;MESURÉ;55;40;;aria-label;;;
INT-0754;#settings/entreprise;Invité (démo, propriétaire);mobile-390;button;Accueil;Accueil;actif;;balayage C121/C129/C136;UX_EVIDENCE/inventaire/mobile-390__settings_entreprise.png;MESURÉ;84;57;;contenu;;;
INT-0755;#settings/entreprise;Invité (démo, propriétaire);mobile-390;button;Devis;Devis;actif;;balayage C121/C129/C136;UX_EVIDENCE/inventaire/mobile-390__settings_entreprise.png;MESURÉ;84;57;;contenu;;;
INT-0756;#settings/entreprise;Invité (démo, propriétaire);mobile-390;button;Chantiers;Chantiers;actif;;balayage C121/C129/C136;UX_EVIDENCE/inventaire/mobile-390__settings_entreprise.png;MESURÉ;84;57;;contenu;;;
INT-0757;#settings/entreprise;Invité (démo, propriétaire);mobile-390;button;Factures;Factures;actif;;balayage C121/C129/C136;UX_EVIDENCE/inventaire/mobile-390__settings_entreprise.png;MESURÉ;84;57;;contenu;;;
INT-0758;#settings/entreprise;Invité (démo, propriétaire);mobile-390;button;Menu;Ouvrir le menu de navigation;actif;;balayage C121/C129/C136;UX_EVIDENCE/inventaire/mobile-390__settings_entreprise.png;MESURÉ;48;48;;aria-label;;;
INT-0759;#settings/entreprise;Invité (démo, propriétaire);mobile-390;button;;Retourner au tableau de bord;actif;;balayage C121/C129/C136;UX_EVIDENCE/inventaire/mobile-390__settings_entreprise.png;MESURÉ;54;40;;aria-label;;;
INT-0760;#settings/entreprise;Invité (démo, propriétaire);mobile-390;button;Entreprise;Section des paramètres;actif;;balayage C121/C129/C136;UX_EVIDENCE/inventaire/mobile-390__settings_entreprise.png;MESURÉ;358;42;;aria-label;;non;
INT-0761;#settings/entreprise;Invité (démo, propriétaire);mobile-390;input:text;IKADEVIS BTP;Raison Sociale / Nom Entreprise;actif;;balayage C121/C129/C136;UX_EVIDENCE/inventaire/mobile-390__settings_entreprise.png;MESURÉ;324;50;;label[for];;;
INT-0762;#settings/entreprise;Invité (démo, propriétaire);mobile-390;textbox;BTP - Fabrications - Aménagement - Signalétique;Slogan / Activités principales;actif;;balayage C121/C129/C136;UX_EVIDENCE/inventaire/mobile-390__settings_entreprise.png;MESURÉ;324;68;;label[for];;;
INT-0763;#settings/entreprise;Invité (démo, propriétaire);mobile-390;input:text;;Téléphone / WhatsApp;actif;;balayage C121/C129/C136 ; cité : G3;UX_EVIDENCE/inventaire/mobile-390__settings_entreprise.png;MESURÉ + SCÉNARIO;324;50;;label[for];;;
INT-0764;#settings/entreprise;Invité (démo, propriétaire);mobile-390;input:email;contact@ikadevis.com;Email professionnel;actif;;balayage C121/C129/C136;UX_EVIDENCE/inventaire/mobile-390__settings_entreprise.png;MESURÉ;324;50;;label[for];;;
INT-0765;#settings/entreprise;Invité (démo, propriétaire);mobile-390;input:text;Abidjan, Côte d'Ivoire;Adresse Géographique;actif;;balayage C121/C129/C136;UX_EVIDENCE/inventaire/mobile-390__settings_entreprise.png;MESURÉ;324;50;;label[for];;;
INT-0766;#settings/entreprise;Invité (démo, propriétaire);mobile-390;input:text;;NIF (Identifiant Fiscal)Numéro Fiscal;actif;;balayage C121/C129/C136;UX_EVIDENCE/inventaire/mobile-390__settings_entreprise.png;MESURÉ;324;50;;label[for];;;
INT-0767;#settings/entreprise;Invité (démo, propriétaire);mobile-390;input:text;;RCCM (Registre du Commerce)Immatriculation;actif;;balayage C121/C129/C136;UX_EVIDENCE/inventaire/mobile-390__settings_entreprise.png;MESURÉ;324;50;;label[for];;;
INT-0768;#settings/entreprise;Invité (démo, propriétaire);mobile-390;button;XOF — Franc CFA (FCFA);Devise principale;actif;;balayage C121/C129/C136 ; cité : G2, G6;UX_EVIDENCE/inventaire/mobile-390__settings_entreprise.png;MESURÉ + SCÉNARIO;324;42;;aria-label;;non;
INT-0769;#settings/entreprise;Invité (démo, propriétaire);mobile-390;input:text;30 jours à compter de la date d'émission.;Validité de l'offreSur devis client;actif;;balayage C121/C129/C136;UX_EVIDENCE/inventaire/mobile-390__settings_entreprise.png;MESURÉ;324;50;;label[for];;;
INT-0770;#settings/entreprise;Invité (démo, propriétaire);mobile-390;input:text;Acompte à la signature et démarrage des travaux;Intitulé de l'étape 1;actif;;balayage C121/C129/C136 ; cité : G6;UX_EVIDENCE/inventaire/mobile-390__settings_entreprise.png;MESURÉ + SCÉNARIO;170;50;;aria-label;;non;
INT-0771;#settings/entreprise;Invité (démo, propriétaire);mobile-390;input:number;40;Pourcentage de l'étape 1;actif;;balayage C121/C129/C136;UX_EVIDENCE/inventaire/mobile-390__settings_entreprise.png;MESURÉ;80;50;;aria-label;;;
INT-0772;#settings/entreprise;Invité (démo, propriétaire);mobile-390;button;;Retirer l'étape 1;actif;;balayage C121/C129/C136 ; cité : G2, G3;UX_EVIDENCE/inventaire/mobile-390__settings_entreprise.png;MESURÉ + SCÉNARIO;40;40;;aria-label;;;
INT-0773;#settings/entreprise;Invité (démo, propriétaire);mobile-390;input:text;Situation intermédiaire / Avancement gros œuvre & hors d'eau;Intitulé de l'étape 2;actif;;balayage C121/C129/C136;UX_EVIDENCE/inventaire/mobile-390__settings_entreprise.png;MESURÉ;170;50;;aria-label;;non;
INT-0774;#settings/entreprise;Invité (démo, propriétaire);mobile-390;input:number;30;Pourcentage de l'étape 2;actif;;balayage C121/C129/C136;UX_EVIDENCE/inventaire/mobile-390__settings_entreprise.png;MESURÉ;80;50;;aria-label;;;
INT-0775;#settings/entreprise;Invité (démo, propriétaire);mobile-390;button;;Retirer l'étape 2;actif;;balayage C121/C129/C136 ; cité : G2, G3;UX_EVIDENCE/inventaire/mobile-390__settings_entreprise.png;MESURÉ + SCÉNARIO;40;40;;aria-label;;;
INT-0776;#settings/entreprise;Invité (démo, propriétaire);mobile-390;input:text;Second œuvre, finitions et équipements;Intitulé de l'étape 3;actif;;balayage C121/C129/C136 ; cité : G6;UX_EVIDENCE/inventaire/mobile-390__settings_entreprise.png;MESURÉ + SCÉNARIO;170;50;;aria-label;;non;
INT-0777;#settings/entreprise;Invité (démo, propriétaire);mobile-390;input:number;20;Pourcentage de l'étape 3;actif;;balayage C121/C129/C136 ; cité : G6;UX_EVIDENCE/inventaire/mobile-390__settings_entreprise.png;MESURÉ + SCÉNARIO;80;50;;aria-label;;;
INT-0778;#settings/entreprise;Invité (démo, propriétaire);mobile-390;button;;Retirer l'étape 3;actif;;balayage C121/C129/C136 ; cité : G2, G3;UX_EVIDENCE/inventaire/mobile-390__settings_entreprise.png;MESURÉ + SCÉNARIO;40;40;;aria-label;;;
INT-0779;#settings/entreprise;Invité (démo, propriétaire);mobile-390;input:text;Solde à la réception définitive et remise des clés;Intitulé de l'étape 4;actif;;balayage C121/C129/C136;UX_EVIDENCE/inventaire/mobile-390__settings_entreprise.png;MESURÉ;170;50;;aria-label;;non;
INT-0780;#settings/entreprise;Invité (démo, propriétaire);mobile-390;input:number;10;Pourcentage de l'étape 4;actif;;balayage C121/C129/C136;UX_EVIDENCE/inventaire/mobile-390__settings_entreprise.png;MESURÉ;80;50;;aria-label;;;
INT-0781;#settings/entreprise;Invité (démo, propriétaire);mobile-390;button;;Retirer l'étape 4;actif;;balayage C121/C129/C136 ; cité : G2;UX_EVIDENCE/inventaire/mobile-390__settings_entreprise.png;MESURÉ + SCÉNARIO;40;40;;aria-label;;;
INT-0782;#settings/entreprise;Invité (démo, propriétaire);mobile-390;button;Ajouter une étape;Ajouter une étape;actif;;balayage C121/C129/C136 ; cité : G2;UX_EVIDENCE/inventaire/mobile-390__settings_entreprise.png;MESURÉ + SCÉNARIO;190;42;;contenu;;;
INT-0783;#settings/entreprise;Invité (démo, propriétaire);mobile-390;button;;Retourner à l'application;actif;;balayage C121/C129/C136 ; cité : G2, G6;UX_EVIDENCE/inventaire/mobile-390__settings_entreprise.png;MESURÉ + SCÉNARIO;54;40;;aria-label;;;
INT-0784;#settings/entreprise;Invité (démo, propriétaire);mobile-390;button;Enregistrer;Enregistrer les paramètres de l'entreprise;actif;;balayage C121/C129/C136 ; cité : G2, G3;UX_EVIDENCE/inventaire/mobile-390__settings_entreprise.png;MESURÉ + SCÉNARIO;135;40;;aria-label;;;
